incits_code,county_name,state,pop_rank,pop_2013
2013,Aleutians East Borough,AK,2969,"3,092"
2016,Aleutians West Census Area,AK,2806,"5,511"
2020,"Anchorage, Municipality of",AK,220,"300,950"
2050,Bethel Census Area,AK,1931,"17,758"
2060,Bristol Bay Borough,AK,3110,960
2068,Denali Borough,AK,3068,"1,867"
2070,Dillingham Census Area,AK,2838,"5,010"
2090,Fairbanks North Star Borough,AK,589,"100,436"
2100,Haines Borough,AK,3004,"2,592"
2105,Hoonah–Angoon Census Area,AK,3040,"2,145"
2110,"Juneau, City and Borough of",AK,1368,"32,660"
2122,Kenai Peninsula Borough,AK,893,"57,147"
2130,Ketchikan Gateway Borough,AK,2194,"13,729"
2150,Kodiak Island Borough,AK,2162,"14,135"
2270,Kusilvak Census Area,AK,2601,"7,977"
2164,Lake and Peninsula Borough,AK,3076,"1,648"
2170,Matanuska-Susitna Borough,AK,613,"95,192"
2180,Nome Census Area,AK,2451,"9,892"
2185,North Slope Borough,AK,2461,"9,686"
2188,Northwest Arctic Borough,AK,2623,"7,685"
2195,Petersburg Borough,AK,2922,"3,774"
2198,Prince of Wales – Hyder Census Area,AK,2782,"5,786"
2220,"Sitka, City and Borough of",AK,2519,"9,020"
2230,"Skagway, Municipality of",AK,3108,995
2240,Southeast Fairbanks Census Area,AK,2686,"6,985"
2261,Valdez–Cordova Census Area,AK,2456,"9,763"
2275,"Wrangell, City and Borough of",AK,3013,"2,400"
2282,"Yakutat, City and Borough of",AK,3131,642
2290,Yukon–Koyukuk Census Area,AK,2788,"5,695"
1001,Autauga,AL,911,"55,246"
1003,Baldwin,AL,329,"195,540"
1005,Barbour,AL,1531,"27,076"
1007,Bibb,AL,1708,"22,512"
1009,Blount,AL,884,"57,872"
1011,Bullock,AL,2386,"10,639"
1013,Butler,AL,1828,"20,265"
1015,Calhoun,AL,522,"116,736"
1017,Chambers,AL,1323,"34,162"
1019,Cherokee,AL,1555,"26,203"
1021,Chilton,AL,1087,"43,951"
1023,Choctaw,AL,2216,"13,426"
1025,Clarke,AL,1599,"25,207"
1027,Clay,AL,2211,"13,486"
1029,Cleburne,AL,2108,"14,994"
1031,Coffee,AL,970,"50,938"
1033,Colbert,AL,919,"54,520"
1035,Conecuh,AL,2244,"12,887"
1037,Coosa,AL,2367,"10,898"
1039,Covington,AL,1224,"37,886"
1041,Crenshaw,AL,2174,"13,986"
1043,Cullman,AL,687,"80,811"
1045,Dale,AL,983,"49,884"
1047,Dallas,AL,1128,"41,996"
1049,DeKalb,AL,755,"71,013"
1051,Elmore,AL,685,"80,902"
1053,Escambia,AL,1219,"37,983"
1055,Etowah,AL,566,"103,931"
1057,Fayette,AL,1988,"16,909"
1059,Franklin,AL,1400,"31,532"
1061,Geneva,AL,1543,"26,727"
1063,Greene,AL,2542,"8,744"
1065,Hale,AL,2081,"15,406"
1067,Henry,AL,1966,"17,296"
1069,Houston,AL,567,"103,668"
1071,Jackson,AL,941,"52,951"
1073,Jefferson,AL,95,"659,479"
1075,Lamar,AL,2157,"14,236"
1077,Lauderdale,AL,625,"92,797"
1079,Lawrence,AL,1336,"33,587"
1081,Lee,AL,423,"150,933"
1083,Limestone,AL,644,"88,845"
1085,Lowndes,AL,2381,"10,703"
1087,Macon,AL,1848,"19,688"
1089,Madison,AL,193,"346,892"
1091,Marengo,AL,1833,"20,155"
1093,Marion,AL,1422,"30,334"
1095,Marshall,AL,615,"94,760"
1097,Mobile,AL,166,"414,079"
1099,Monroe,AL,1719,"22,236"
1101,Montgomery,AL,283,"226,659"
1103,Morgan,AL,510,"119,787"
1105,Perry,AL,2436,"10,020"
1107,Pickens,AL,1863,"19,401"
1109,Pike,AL,1343,"33,339"
1111,Randolph,AL,1696,"22,727"
1113,Russell,AL,869,"59,585"
1117,Shelby,AL,311,"204,180"
1115,St. Clair,AL,659,"86,308"
1119,Sumter,AL,2222,"13,361"
1121,Talladega,AL,683,"81,096"
1123,Tallapoosa,AL,1146,"41,203"
1125,Tuscaloosa,AL,317,"200,821"
1127,Walker,AL,799,"65,998"
1129,Washington,AL,1990,"16,877"
1131,Wilcox,AL,2336,"11,307"
1133,Winston,AL,1639,"24,146"
5001,Arkansas,AR,1884,"18,777"
5003,Ashley,AR,1763,"21,283"
5005,Baxter,AR,1154,"40,957"
5007,Benton,AR,276,"237,297"
5009,Boone,AR,1238,"37,396"
5011,Bradley,AR,2340,"11,249"
5013,Calhoun,AR,2821,"5,241"
5015,Carroll,AR,1506,"27,808"
5017,Chicot,AR,2335,"11,335"
5019,Clark,AR,1695,"22,743"
5021,Clay,AR,2082,"15,402"
5023,Cleburne,AR,1574,"25,686"
5025,Cleveland,AR,2556,"8,593"
5027,Columbia,AR,1638,"24,164"
5029,Conway,AR,1765,"21,245"
5031,Craighead,AR,582,"101,488"
5033,Crawford,AR,846,"61,640"
5035,Crittenden,AR,987,"49,746"
5037,Cross,AR,1947,"17,548"
5039,Dallas,AR,2604,"7,933"
5041,Desha,AR,2268,"12,505"
5043,Drew,AR,1883,"18,785"
5045,Faulkner,AR,511,"119,580"
5047,Franklin,AR,1915,"18,034"
5049,Fulton,AR,2283,"12,304"
5051,Garland,AR,601,"97,173"
5053,Grant,AR,1916,"18,019"
5055,Greene,AR,1109,"43,097"
5057,Hempstead,AR,1710,"22,474"
5059,Hot Spring,AR,1339,"33,500"
5061,Howard,AR,2203,"13,581"
5063,Independence,AR,1247,"36,997"
5065,Izard,AR,2219,"13,368"
5067,Jackson,AR,1941,"17,615"
5069,Jefferson,AR,743,"73,191"
5071,Johnson,AR,1568,"25,846"
5073,Lafayette,AR,2656,"7,252"
5075,Lawrence,AR,1978,"17,011"
5077,Lee,AR,2437,"10,015"
5079,Lincoln,AR,2171,"14,031"
5081,Little River,AR,2255,"12,730"
5083,Logan,AR,1727,"22,082"
5085,Lonoke,AR,756,"70,753"
5087,Madison,AR,2064,"15,701"
5089,Marion,AR,2017,"16,430"
5091,Miller,AR,1103,"43,402"
5093,Mississippi,AR,1074,"44,765"
5095,Monroe,AR,2625,"7,682"
5097,Montgomery,AR,2501,"9,226"
5099,Nevada,AR,2535,"8,799"
5101,Newton,AR,2596,"8,064"
5103,Ouachita,AR,1608,"25,002"
5105,Perry,AR,2407,"10,345"
5107,Phillips,AR,1820,"20,399"
5109,Pike,AR,2348,"11,177"
5111,Poinsett,AR,1640,"24,145"
5113,Polk,AR,1819,"20,406"
5115,Pope,AR,832,"62,547"
5117,Prairie,AR,2574,"8,374"
5119,Pulaski,AR,172,"391,284"
5121,Randolph,AR,1937,"17,692"
5125,Saline,AR,530,"114,404"
5127,Scott,AR,2362,"10,950"
5129,Searcy,AR,2599,"8,023"
5131,Sebastian,AR,484,"127,342"
5133,Sevier,AR,1960,"17,366"
5135,Sharp,AR,1977,"17,049"
5123,St. Francis,AR,1520,"27,260"
5137,Stone,AR,2265,"12,581"
5139,Union,AR,1162,"40,694"
5141,Van Buren,AR,1984,"16,932"
5143,Washington,AR,290,"216,410"
5145,White,AR,701,"78,483"
5147,Woodruff,AR,2676,"7,072"
5149,Yell,AR,1738,"21,893"
4001,Apache,AZ,748,"71,934"
4003,Cochise,AZ,480,"129,473"
4005,Coconino,AZ,459,"136,539"
4007,Gila,AZ,938,"53,053"
4009,Graham,AZ,1233,"37,482"
4011,Greenlee,AZ,2513,"9,049"
4012,La Paz,AZ,1823,"20,324"
4013,Maricopa,AZ,4,"4,009,412"
4015,Mohave,AZ,313,"203,030"
4017,Navajo,AZ,557,"107,322"
4019,Pima,AZ,42,"996,554"
4021,Pinal,AZ,174,"389,350"
4023,Santa Cruz,AZ,1030,"46,768"
4025,Yavapai,AZ,293,"215,133"
4027,Yuma,AZ,316,"201,201"
6001,Alameda,CA,21,"1,578,891"
6003,Alpine,CA,3103,"1,159"
6005,Amador,CA,1260,"36,519"
6007,Butte,CA,287,"222,090"
6009,Calaveras,CA,1078,"44,515"
6011,Colusa,CA,1758,"21,358"
6013,Contra Costa,CA,38,"1,094,205"
6015,Del Norte,CA,1502,"27,873"
6017,El Dorado,CA,349,"181,737"
6019,Fresno,CA,49,"955,272"
6021,Glenn,CA,1496,"27,940"
6023,Humboldt,CA,469,"134,493"
6025,Imperial,CA,358,"176,584"
6027,Inyo,CA,1896,"18,467"
6029,Kern,CA,60,"864,124"
6031,Kings,CA,422,"150,960"
6033,Lake,CA,822,"63,860"
6035,Lassen,CA,1386,"32,163"
6037,Los Angeles,CA,1,"10,017,068"
6039,Madera,CA,416,"152,389"
6041,Marin,CA,257,"258,365"
6043,Mariposa,CA,1932,"17,755"
6045,Mendocino,CA,652,"87,192"
6047,Merced,CA,254,"263,228"
6049,Modoc,CA,2504,"9,147"
6051,Mono,CA,2166,"14,074"
6053,Monterey,CA,161,"428,826"
6055,Napa,CA,450,"140,326"
6057,Nevada,CA,599,"98,200"
6059,Orange,CA,6,"3,114,363"
6061,Placer,CA,183,"367,309"
6063,Plumas,CA,1878,"18,859"
6065,Riverside,CA,11,"2,292,507"
6067,Sacramento,CA,25,"1,462,131"
6069,San Benito,CA,885,"57,600"
6071,San Bernardino,CA,12,"2,088,371"
6073,San Diego,CA,5,"3,211,252"
6075,"San Francisco, City and of",CA,66,"837,442"
6077,San Joaquin,CA,87,"704,379"
6079,San Luis Obispo,CA,241,"276,443"
6081,San Mateo,CA,82,"747,373"
6083,Santa Barbara,CA,158,"435,697"
6085,Santa Clara,CA,16,"1,862,041"
6087,Santa Cruz,CA,248,"269,419"
6089,Shasta,CA,355,"178,980"
6091,Sierra,CA,2973,"3,047"
6093,Siskiyou,CA,1092,"43,799"
6095,Solano,CA,162,"424,788"
6097,Sonoma,CA,137,"495,025"
6099,Stanislaus,CA,125,"525,491"
6101,Sutter,CA,612,"95,350"
6103,Tehama,CA,831,"63,057"
6105,Trinity,CA,2214,"13,448"
6107,Tulare,CA,147,"454,143"
6109,Tuolumne,CA,925,"53,874"
6111,Ventura,CA,65,"839,620"
6113,Yolo,CA,310,"204,593"
6115,Yuba,CA,741,"73,340"
8001,Adams,CO,144,"469,193"
8003,Alamosa,CO,2027,"16,253"
8005,Arapahoe,CO,108,"607,070"
8007,Archuleta,CO,2288,"12,194"
8009,Baca,CO,2929,"3,682"
8011,Bent,CO,2790,"5,688"
8013,Boulder,CO,210,"310,048"
8014,"Broomfield, City and of",CO,872,"59,471"
8015,Chaffee,CO,1894,"18,510"
8017,Cheyenne,CO,3065,"1,890"
8019,Clear Creek,CO,2516,"9,031"
8021,Conejos,CO,2588,"8,277"
8023,Costilla,CO,2940,"3,518"
8025,Crowley,CO,2813,"5,322"
8027,Custer,CO,2881,"4,285"
8029,Delta,CO,1420,"30,483"
8031,"Denver, City and of",CO,99,"649,495"
8033,Dolores,CO,3049,"2,029"
8035,Douglas,CO,216,"305,963"
8037,Eagle,CO,948,"52,460"
8041,El Paso,CO,97,"655,044"
8039,Elbert,CO,1654,"23,733"
8043,Fremont,CO,1038,"46,451"
8045,Garfield,CO,890,"57,302"
8047,Gilpin,CO,2795,"5,601"
8049,Grand,CO,2152,"14,289"
8051,Gunnison,CO,2074,"15,507"
8053,Hinsdale,CO,3117,813
8055,Huerfano,CO,2719,"6,519"
8057,Jackson,CO,3090,"1,365"
8059,Jefferson,CO,116,"551,798"
8061,Kiowa,CO,3085,"1,423"
8063,Kit Carson,CO,2597,"8,037"
8067,La Plata,CO,937,"53,284"
8065,Lake,CO,2649,"7,306"
8069,Larimer,CO,209,"315,988"
8071,Las Animas,CO,2141,"14,446"
8073,Lincoln,CO,2809,"5,430"
8075,Logan,CO,1711,"22,450"
8077,Mesa,CO,432,"147,554"
8079,Mineral,CO,3126,721
8081,Moffat,CO,2232,"13,103"
8083,Montezuma,CO,1578,"25,642"
8085,Montrose,CO,1160,"40,713"
8087,Morgan,CO,1475,"28,404"
8089,Otero,CO,1887,"18,703"
8091,Ouray,CO,2864,"4,557"
8093,Park,CO,2038,"16,121"
8095,Phillips,CO,2876,"4,356"
8097,Pitkin,CO,1959,"17,379"
8099,Prowers,CO,2284,"12,291"
8101,Pueblo,CO,391,"161,451"
8103,Rio Blanco,CO,2698,"6,807"
8105,Rio Grande,CO,2310,"11,803"
8107,Routt,CO,1663,"23,513"
8109,Saguache,CO,2744,"6,208"
8111,San Juan,CO,3130,692
8113,San Miguel,CO,2626,"7,678"
8115,Sedgwick,CO,3019,"2,360"
8117,Summit,CO,1464,"28,649"
8119,Teller,CO,1675,"23,275"
8121,Washington,CO,2851,"4,803"
8123,Weld,CO,247,"269,785"
8125,Yuma,CO,2428,"10,151"
9001,Fairfield,CT,50,"939,904"
9003,Hartford,CT,57,"898,272"
9005,Litchfield,CT,341,"186,924"
9007,Middlesex,CT,381,"165,562"
9009,New Haven,CT,61,"862,287"
9011,New London,CT,243,"274,150"
9013,Tolland,CT,420,"151,377"
9015,Windham,CT,518,"117,604"
11001,District of Columbia,DC,100,"646,449"
10001,Kent,DE,371,"169,416"
10003,New Castle,DE,118,"549,684"
10005,Sussex,DE,306,"206,649"
12001,Alachua,FL,262,"253,451"
12003,Baker,FL,1534,"27,013"
12005,Bay,FL,360,"174,987"
12007,Bradford,FL,1541,"26,850"
12009,Brevard,FL,117,"550,823"
12011,Broward,FL,17,"1,838,844"
12013,Calhoun,FL,2124,"14,682"
12015,Charlotte,FL,383,"164,736"
12017,Citrus,FL,451,"139,271"
12019,Clay,FL,328,"196,399"
12021,Collier,FL,195,"339,642"
12023,Columbia,FL,786,"67,543"
12027,DeSoto,FL,1313,"34,517"
12029,Dixie,FL,2049,"15,940"
12031,Duval,FL,59,"885,855"
12033,Escambia,FL,217,"305,817"
12035,Flagler,FL,591,"99,956"
12037,Franklin,FL,2320,"11,598"
12039,Gadsden,FL,1045,"46,194"
12041,Gilchrist,FL,1985,"16,931"
12043,Glades,FL,2224,"13,345"
12045,Gulf,FL,2054,"15,829"
12047,Hamilton,FL,2147,"14,354"
12049,Hardee,FL,1513,"27,519"
12051,Hendry,FL,1234,"37,471"
12053,Hernando,FL,363,"174,441"
12055,Highlands,FL,600,"97,616"
12057,Hillsborough,FL,29,"1,291,578"
12059,Holmes,FL,1847,"19,717"
12061,Indian River,FL,445,"141,994"
12063,Jackson,FL,1001,"48,922"
12065,Jefferson,FL,2158,"14,194"
12067,Lafayette,FL,2532,"8,848"
12069,Lake,FL,212,"308,034"
12071,Lee,FL,93,"661,115"
12073,Leon,FL,237,"281,845"
12075,Levy,FL,1178,"39,644"
12077,Liberty,FL,2578,"8,349"
12079,Madison,FL,1886,"18,728"
12081,Manatee,FL,194,"342,106"
12083,Marion,FL,197,"337,362"
12085,Martin,FL,421,"151,263"
12086,Miami-Dade,FL,7,"2,617,176"
12087,Monroe,FL,719,"76,351"
12089,Nassau,FL,726,"75,710"
12091,Okaloosa,FL,334,"193,811"
12093,Okeechobee,FL,1185,"39,330"
12095,Orange,FL,33,"1,225,267"
12097,Osceola,FL,223,"298,504"
12099,Palm Beach,FL,27,"1,372,171"
12101,Pasco,FL,140,"475,502"
12103,Pinellas,FL,53,"929,048"
12105,Polk,FL,104,"623,009"
12107,Putnam,FL,745,"72,577"
12113,Santa Rosa,FL,392,"161,096"
12115,Sarasota,FL,173,"390,429"
12117,Seminole,FL,157,"436,041"
12109,St. Johns,FL,302,"209,647"
12111,St. Lucie,FL,233,"286,832"
12119,Sumter,FL,558,"107,056"
12121,Suwannee,FL,1094,"43,734"
12123,Taylor,FL,1693,"22,857"
12125,Union,FL,2094,"15,136"
12127,Volusia,FL,134,"500,800"
12129,Wakulla,FL,1412,"31,022"
12131,Walton,FL,868,"59,807"
12133,Washington,FL,1620,"24,624"
13001,Appling,GA,1898,"18,440"
13003,Atkinson,GA,2587,"8,290"
13005,Bacon,GA,2344,"11,216"
13007,Baker,GA,2952,"3,341"
13009,Baldwin,GA,1047,"46,039"
13011,Banks,GA,1900,"18,415"
13013,Barrow,GA,750,"71,453"
13015,Bartow,GA,585,"101,273"
13017,Ben Hill,GA,1949,"17,515"
13019,Berrien,GA,1873,"19,048"
13021,Bibb,GA,409,"154,721"
13023,Bleckley,GA,2252,"12,771"
13025,Brantley,GA,1907,"18,292"
13027,Brooks,GA,2073,"15,516"
13029,Bryan,GA,1347,"33,157"
13031,Bulloch,GA,752,"71,214"
13033,Burke,GA,1690,"22,923"
13035,Butts,GA,1671,"23,361"
13037,Calhoun,GA,2718,"6,523"
13039,Camden,GA,964,"51,476"
13043,Candler,GA,2365,"10,937"
13045,Carroll,GA,537,"112,355"
13047,Catoosa,GA,810,"65,311"
13049,Charlton,GA,2227,"13,255"
13051,Chatham,GA,240,"278,434"
13053,Chattahoochee,GA,2246,"12,842"
13055,Chattooga,GA,1604,"25,138"
13057,Cherokee,GA,284,"225,106"
13059,Clarke,GA,506,"121,265"
13061,Clay,GA,2975,"3,045"
13063,Clayton,GA,253,"264,220"
13065,Clinch,GA,2699,"6,795"
13067,Cobb,GA,85,"717,190"
13069,Coffee,GA,1107,"43,220"
13071,Colquitt,GA,1043,"46,275"
13073,Columbia,GA,464,"135,416"
13075,Cook,GA,1976,"17,066"
13077,Coweta,GA,472,"133,180"
13079,Crawford,GA,2269,"12,504"
13081,Crisp,GA,1672,"23,336"
13083,Dade,GA,2011,"16,507"
13085,Dawson,GA,1701,"22,686"
13087,Decatur,GA,1516,"27,359"
13089,DeKalb,GA,86,"713,340"
13091,Dodge,GA,1770,"21,221"
13093,Dooly,GA,2150,"14,304"
13095,Dougherty,GA,624,"92,969"
13097,Douglas,GA,460,"136,379"
13099,Early,GA,2395,"10,542"
13101,Echols,GA,2899,"4,057"
13103,Effingham,GA,920,"54,456"
13105,Elbert,GA,1851,"19,599"
13107,Emanuel,GA,1692,"22,867"
13109,Evans,GA,2371,"10,833"
13111,Fannin,GA,1651,"23,760"
13113,Fayette,GA,549,"108,365"
13115,Floyd,GA,608,"95,821"
13117,Forsyth,GA,330,"195,405"
13119,Franklin,GA,1735,"22,009"
13121,Fulton,GA,44,"984,293"
13123,Gilmer,GA,1466,"28,579"
13125,Glascock,GA,2965,"3,102"
13127,Glynn,GA,680,"81,508"
13129,Gordon,GA,905,"55,757"
13131,Grady,GA,1597,"25,278"
13133,Greene,GA,2024,"16,321"
13135,Gwinnett,GA,62,"859,304"
13137,Habersham,GA,1104,"43,300"
13139,Hall,GA,339,"187,745"
13141,Hancock,GA,2531,"8,879"
13143,Haralson,GA,1472,"28,495"
13145,Harris,GA,1367,"32,663"
13147,Hart,GA,1588,"25,446"
13149,Heard,GA,2322,"11,558"
13151,Henry,GA,301,"211,128"
13153,Houston,GA,431,"147,658"
13155,Irwin,GA,2475,"9,427"
13157,Jackson,GA,850,"61,044"
13159,Jasper,GA,2200,"13,601"
13161,Jeff Davis,GA,2107,"15,004"
13163,Jefferson,GA,2025,"16,320"
13165,Jenkins,GA,2495,"9,269"
13167,Johnson,GA,2455,"9,767"
13169,Jones,GA,1467,"28,569"
13171,Lamar,GA,1921,"17,959"
13173,Lanier,GA,2401,"10,408"
13175,Laurens,GA,1016,"47,999"
13177,Lee,GA,1450,"29,071"
13179,Liberty,GA,819,"64,135"
13181,Lincoln,GA,2617,"7,751"
13183,Long,GA,2002,"16,624"
13185,Lowndes,GA,534,"112,916"
13187,Lumpkin,GA,1415,"30,918"
13193,Macon,GA,2172,"14,009"
13195,Madison,GA,1489,"28,057"
13197,Marion,GA,2553,"8,640"
13189,McDuffie,GA,1751,"21,565"
13191,McIntosh,GA,2173,"14,007"
13199,Meriwether,GA,1767,"21,232"
13201,Miller,GA,2763,"5,932"
13205,Mitchell,GA,1685,"23,045"
13207,Monroe,GA,1535,"26,984"
13209,Montgomery,GA,2518,"9,021"
13211,Morgan,GA,1928,"17,781"
13213,Murray,GA,1191,"39,267"
13215,Muscogee,GA,314,"202,824"
13217,Newton,GA,573,"102,446"
13219,Oconee,GA,1329,"34,035"
13221,Oglethorpe,GA,2136,"14,548"
13223,Paulding,GA,435,"146,950"
13225,Peach,GA,1533,"27,014"
13227,Pickens,GA,1436,"29,584"
13229,Pierce,GA,1875,"18,938"
13231,Pike,GA,1926,"17,796"
13233,Polk,GA,1148,"41,183"
13235,Pulaski,GA,2324,"11,542"
13237,Putnam,GA,1755,"21,371"
13239,Quitman,GA,3018,"2,367"
13241,Rabun,GA,2028,"16,235"
13243,Randolph,GA,2660,"7,197"
13245,Richmond,GA,315,"202,003"
13247,Rockdale,GA,655,"86,919"
13249,Schley,GA,2832,"5,089"
13251,Screven,GA,2156,"14,240"
13253,Seminole,GA,2526,"8,945"
13255,Spalding,GA,823,"63,829"
13257,Stephens,GA,1575,"25,683"
13259,Stewart,GA,2771,"5,868"
13261,Sumter,GA,1403,"31,364"
13263,Talbot,GA,2722,"6,456"
13265,Taliaferro,GA,3076,"1,703"
13267,Tattnall,GA,1583,"25,526"
13269,Taylor,GA,2566,"8,464"
13271,Telfair,GA,2004,"16,591"
13273,Terrell,GA,2517,"9,022"
13275,Thomas,GA,1070,"44,869"
13277,Tift,GA,1167,"40,286"
13279,Toombs,GA,1519,"27,273"
13281,Towns,GA,2376,"10,771"
13283,Treutlen,GA,2707,"6,712"
13285,Troup,GA,770,"69,053"
13287,Turner,GA,2593,"8,134"
13289,Twiggs,GA,2563,"8,481"
13291,Union,GA,1750,"21,566"
13293,Upson,GA,1545,"26,566"
13295,Walker,GA,778,"68,198"
13297,Walton,GA,661,"85,754"
13299,Ware,GA,1281,"35,709"
13301,Warren,GA,2800,"5,558"
13303,Washington,GA,1795,"20,676"
13305,Wayne,GA,1426,"30,077"
13307,Webster,GA,2993,"2,719"
13309,Wheeler,GA,2606,"7,909"
13311,White,GA,1507,"27,797"
13313,Whitfield,GA,571,"102,945"
13315,Wilcox,GA,2523,"8,960"
13317,Wilkes,GA,2439,"10,010"
13319,Wilkinson,GA,2474,"9,432"
13321,Worth,GA,1762,"21,291"
15001,Hawaii,HI,336,"190,821"
15003,"Honolulu, City and of",HI,45,"983,429"
15005,Kalawao,HI,3142,90
15007,Kauai,HI,767,"69,512"
15009,Maui,HI,397,"160,202"
19001,Adair,IA,2642,"7,472"
19003,Adams,IA,2914,"3,894"
19005,Allamakee,IA,2160,"14,169"
19007,Appanoose,IA,2257,"12,692"
19009,Audubon,IA,2770,"5,873"
19011,Benton,IA,1573,"25,699"
19013,Black Hawk,IA,476,"132,546"
19015,Boone,IA,1549,"26,364"
19017,Bremer,IA,1620,"24,624"
19019,Buchanan,IA,1780,"20,976"
19021,Buena Vista,IA,1805,"20,567"
19023,Butler,IA,2106,"15,021"
19025,Calhoun,IA,2450,"9,926"
19027,Carroll,IA,1801,"20,598"
19029,Cass,IA,2202,"13,598"
19031,Cedar,IA,1901,"18,393"
19033,Cerro Gordo,IA,1098,"43,575"
19035,Cherokee,IA,2304,"11,945"
19037,Chickasaw,IA,2280,"12,321"
19039,Clarke,IA,2488,"9,325"
19041,Clay,IA,2012,"16,491"
19043,Clayton,IA,1930,"17,773"
19045,Clinton,IA,1008,"48,420"
19047,Crawford,IA,1957,"17,434"
19049,Dallas,IA,733,"74,641"
19051,Davis,IA,2536,"8,791"
19053,Decatur,IA,2592,"8,136"
19055,Delaware,IA,1948,"17,534"
19057,Des Moines,IA,1165,"40,480"
19059,Dickinson,IA,1982,"16,955"
19061,Dubuque,IA,610,"95,697"
19063,Emmet,IA,2442,"9,996"
19065,Fayette,IA,1809,"20,502"
19067,Floyd,IA,2042,"16,092"
19069,Franklin,IA,2394,"10,548"
19071,Fremont,IA,2675,"7,080"
19073,Greene,IA,2505,"9,139"
19075,Grundy,IA,2281,"12,314"
19077,Guthrie,IA,2382,"10,687"
19079,Hamilton,IA,2086,"15,312"
19081,Hancock,IA,2353,"11,094"
19083,Hardin,IA,1956,"17,441"
19085,Harrison,IA,2142,"14,431"
19087,Henry,IA,1831,"20,222"
19089,Howard,IA,2466,"9,526"
19091,Humboldt,IA,2460,"9,688"
19093,Ida,IA,2670,"7,141"
19095,Iowa,IA,2023,"16,330"
19097,Jackson,IA,1852,"19,587"
19099,Jasper,IA,1257,"36,641"
19101,Jefferson,IA,1991,"16,810"
19103,Johnson,IA,452,"139,155"
19105,Jones,IA,1798,"20,611"
19107,Keokuk,IA,2411,"10,329"
19109,Kossuth,IA,2085,"15,321"
19111,Lee,IA,1283,"35,682"
19113,Linn,IA,291,"216,111"
19115,Louisa,IA,2338,"11,282"
19117,Lucas,IA,2541,"8,746"
19119,Lyon,IA,2312,"11,712"
19121,Madison,IA,2077,"15,448"
19123,Mahaska,IA,1713,"22,417"
19125,Marion,IA,1345,"33,252"
19127,Marshall,IA,1152,"40,994"
19129,Mills,IA,2114,"14,896"
19131,Mitchell,IA,2380,"10,709"
19133,Monona,IA,2508,"9,121"
19135,Monroe,IA,2600,"8,012"
19137,Montgomery,IA,2400,"10,424"
19139,Muscatine,IA,1115,"42,836"
19141,O'Brien,IA,2169,"14,044"
19143,Osceola,IA,2741,"6,211"
19145,Page,IA,2063,"15,713"
19147,Palo Alto,IA,2503,"9,185"
19149,Plymouth,IA,1609,"24,957"
19151,Pocahontas,IA,2666,"7,154"
19153,Polk,IA,148,"451,677"
19155,Pottawattamie,IA,626,"92,728"
19157,Poweshiek,IA,1890,"18,601"
19159,Ringgold,IA,2834,"5,072"
19161,Sac,IA,2433,"10,071"
19163,Scott,IA,368,"170,385"
19165,Shelby,IA,2299,"11,961"
19167,Sioux,IA,1311,"34,547"
19169,Story,IA,629,"92,406"
19171,Tama,IA,1945,"17,576"
19173,Taylor,IA,2747,"6,161"
19175,Union,IA,2264,"12,583"
19177,Van Buren,IA,2646,"7,436"
19179,Wapello,IA,1296,"35,391"
19181,Warren,IA,1024,"47,336"
19183,Washington,IA,1733,"22,015"
19185,Wayne,IA,2728,"6,402"
19187,Webster,IA,1246,"37,044"
19189,Winnebago,IA,2392,"10,554"
19191,Winneshiek,IA,1777,"20,994"
19193,Woodbury,IA,575,"102,130"
19195,Worth,IA,2639,"7,541"
19197,Wright,IA,2238,"12,972"
16001,Ada,ID,164,"416,464"
16003,Adams,ID,2918,"3,828"
16005,Bannock,ID,672,"83,249"
16007,Bear Lake,ID,2762,"5,943"
16009,Benewah,ID,2514,"9,044"
16011,Bingham,ID,1063,"45,290"
16013,Blaine,ID,1761,"21,329"
16015,Boise,ID,2699,"6,795"
16017,Bonner,ID,1161,"40,699"
16019,Bonneville,ID,555,"107,517"
16021,Boundary,ID,2370,"10,853"
16023,Butte,ID,3000,"2,642"
16025,Camas,ID,3106,"1,042"
16027,Canyon,ID,324,"198,871"
16029,Caribou,ID,2697,"6,808"
16031,Cassia,ID,1673,"23,331"
16033,Clark,ID,3113,867
16035,Clearwater,ID,2558,"8,577"
16037,Custer,ID,2884,"4,249"
16039,Elmore,ID,1557,"26,170"
16041,Franklin,ID,2245,"12,854"
16043,Fremont,ID,2241,"12,927"
16045,Gem,ID,1999,"16,686"
16047,Gooding,ID,2097,"15,080"
16049,Idaho,ID,2039,"16,116"
16051,Jefferson,ID,1537,"26,914"
16053,Jerome,ID,1707,"22,514"
16055,Kootenai,ID,442,"144,265"
16057,Latah,ID,1215,"38,078"
16059,Lemhi,ID,2620,"7,712"
16061,Lewis,ID,2912,"3,902"
16063,Lincoln,ID,2814,"5,315"
16065,Madison,ID,1236,"37,450"
16067,Minidoka,ID,1827,"20,292"
16069,Nez Perce,ID,1174,"39,915"
16071,Oneida,ID,2882,"4,275"
16073,Owyhee,ID,2329,"11,472"
16075,Payette,ID,1705,"22,610"
16077,Power,ID,2619,"7,719"
16079,Shoshone,ID,2258,"12,690"
16081,Teton,ID,2415,"10,275"
16083,Twin Falls,ID,692,"79,957"
16085,Valley,ID,2462,"9,606"
16087,Washington,ID,2449,"9,944"
17001,Adams,IL,789,"67,130"
17003,Alexander,IL,2631,"7,629"
17005,Bond,IL,1954,"17,470"
17007,Boone,IL,923,"53,957"
17009,Brown,IL,2694,"6,860"
17011,Bureau,IL,1327,"34,056"
17013,Calhoun,IL,2836,"5,059"
17015,Carroll,IL,2111,"14,910"
17017,Cass,IL,2225,"13,324"
17019,Champaign,IL,309,"204,897"
17021,Christian,IL,1321,"34,298"
17023,Clark,IL,2031,"16,182"
17025,Clay,IL,2204,"13,566"
17027,Clinton,IL,1222,"37,907"
17029,Coles,IL,929,"53,697"
17031,Cook,IL,2,"5,240,700"
17033,Crawford,IL,1858,"19,505"
17035,Cumberland,IL,2363,"10,939"
17039,De Witt,IL,2019,"16,420"
17037,DeKalb,IL,564,"104,741"
17041,Douglas,IL,1842,"19,887"
17043,DuPage,IL,52,"932,126"
17045,Edgar,IL,1920,"17,960"
17047,Edwards,IL,2710,"6,672"
17049,Effingham,IL,1320,"34,307"
17051,Fayette,IL,1730,"22,060"
17053,Ford,IL,2183,"13,832"
17055,Franklin,IL,1194,"39,202"
17057,Fulton,IL,1267,"36,346"
17059,Gallatin,IL,2810,"5,415"
17061,Greene,IL,2197,"13,629"
17063,Grundy,IL,977,"50,228"
17065,Hamilton,IL,2576,"8,368"
17067,Hancock,IL,1889,"18,618"
17069,Hardin,IL,2889,"4,181"
17071,Henderson,IL,2684,"6,990"
17073,Henry,IL,984,"49,860"
17075,Iroquois,IL,1455,"28,982"
17077,Jackson,IL,867,"59,814"
17079,Jasper,IL,2463,"9,592"
17081,Jefferson,IL,1204,"38,644"
17083,Jersey,IL,1703,"22,641"
17085,Jo Daviess,IL,1714,"22,407"
17087,Johnson,IL,2260,"12,677"
17089,Kane,IL,126,"523,643"
17091,Kankakee,IL,539,"112,120"
17093,Kendall,IL,513,"119,348"
17095,Knox,IL,956,"52,078"
17097,Lake,IL,88,"703,019"
17099,LaSalle,IL,538,"112,183"
17101,Lawrence,IL,2006,"16,558"
17103,Lee,IL,1302,"34,858"
17105,Livingston,IL,1212,"38,186"
17107,Logan,IL,1428,"29,964"
17115,Macon,IL,545,"109,278"
17117,Macoupin,IL,1028,"46,880"
17119,Madison,IL,250,"267,225"
17121,Marion,IL,1205,"38,622"
17123,Marshall,IL,2290,"12,153"
17125,Mason,IL,2154,"14,248"
17127,Massac,IL,2098,"15,073"
17109,McDonough,IL,1376,"32,464"
17111,McHenry,IL,213,"307,409"
17113,McLean,IL,362,"174,647"
17129,Menard,IL,2263,"12,607"
17131,Mercer,IL,2033,"16,178"
17133,Monroe,IL,1340,"33,493"
17135,Montgomery,IL,1433,"29,654"
17137,Morgan,IL,1298,"35,067"
17139,Moultrie,IL,2115,"14,876"
17141,Ogle,IL,949,"52,385"
17143,Peoria,IL,338,"188,429"
17145,Perry,IL,1739,"21,887"
17147,Piatt,IL,2016,"16,433"
17149,Pike,IL,2035,"16,150"
17151,Pope,IL,2880,"4,312"
17153,Pulaski,IL,2765,"5,908"
17155,Putnam,IL,2780,"5,801"
17157,Randolph,IL,1360,"32,890"
17159,Richland,IL,2031,"16,182"
17161,Rock Island,IL,434,"147,258"
17165,Saline,IL,1611,"24,939"
17167,Sangamon,IL,322,"199,145"
17169,Schuyler,IL,2645,"7,444"
17171,Scott,IL,2823,"5,222"
17173,Shelby,IL,1723,"22,119"
17163,St. Clair,IL,251,"266,955"
17175,Stark,IL,2766,"5,907"
17177,Stephenson,IL,1031,"46,740"
17179,Tazewell,IL,461,"136,352"
17181,Union,IL,1944,"17,583"
17183,Vermilion,IL,690,"80,329"
17185,Wabash,IL,2314,"11,665"
17187,Warren,IL,1934,"17,726"
17189,Washington,IL,2140,"14,448"
17191,Wayne,IL,2003,"16,612"
17193,White,IL,2135,"14,549"
17195,Whiteside,IL,887,"57,557"
17197,Will,IL,90,"682,829"
17199,Williamson,IL,791,"66,924"
17201,Winnebago,IL,228,"290,666"
17203,Woodford,IL,1190,"39,273"
18001,Adams,IN,1310,"34,614"
18003,Allen,IN,184,"363,014"
18005,Bartholomew,IN,694,"79,587"
18007,Benton,IN,2539,"8,767"
18009,Blackford,IN,2273,"12,481"
18011,Boone,IN,860,"60,477"
18013,Brown,IN,2105,"15,023"
18015,Carroll,IN,1836,"20,086"
18017,Cass,IN,1209,"38,463"
18019,Clark,IN,533,"112,938"
18021,Clay,IN,1542,"26,803"
18023,Clinton,IN,1358,"32,916"
18025,Crawford,IN,2387,"10,621"
18027,Daviess,IN,1379,"32,407"
18029,Dearborn,IN,981,"49,904"
18031,Decatur,IN,1551,"26,277"
18033,DeKalb,IN,1122,"42,307"
18035,Delaware,IN,519,"117,484"
18037,Dubois,IN,1121,"42,361"
18039,Elkhart,IN,318,"200,563"
18041,Fayette,IN,1648,"23,861"
18043,Floyd,IN,721,"76,244"
18045,Fountain,IN,1989,"16,880"
18047,Franklin,IN,1689,"22,951"
18049,Fulton,IN,1813,"20,449"
18051,Gibson,IN,1335,"33,612"
18053,Grant,IN,769,"69,126"
18055,Greene,IN,1365,"32,781"
18057,Hamilton,IN,226,"296,693"
18059,Hancock,IN,749,"71,575"
18061,Harrison,IN,1195,"39,163"
18063,Hendricks,IN,413,"153,879"
18065,Henry,IN,998,"49,044"
18067,Howard,IN,674,"82,760"
18069,Huntington,IN,1253,"36,791"
18071,Jackson,IN,1101,"43,466"
18073,Jasper,IN,1341,"33,389"
18075,Jay,IN,1760,"21,330"
18077,Jefferson,IN,1378,"32,458"
18079,Jennings,IN,1483,"28,241"
18081,Johnson,IN,440,"145,535"
18083,Knox,IN,1220,"37,954"
18085,Kosciusko,IN,705,"77,963"
18087,LaGrange,IN,1217,"37,996"
18089,Lake,IN,138,"491,456"
18091,LaPorte,IN,542,"111,281"
18093,Lawrence,IN,1050,"45,844"
18095,Madison,IN,478,"130,482"
18097,Marion,IN,54,"928,281"
18099,Marshall,IN,1026,"47,109"
18101,Martin,IN,2426,"10,160"
18103,Miami,IN,1272,"36,140"
18105,Monroe,IN,446,"141,888"
18107,Montgomery,IN,1214,"38,177"
18109,Morgan,IN,764,"69,782"
18111,Newton,IN,2165,"14,087"
18113,Noble,IN,1019,"47,570"
18115,Ohio,IN,2758,"5,994"
18117,Orange,IN,1845,"19,773"
18119,Owen,IN,1772,"21,201"
18121,Parke,IN,1969,"17,202"
18123,Perry,IN,1855,"19,558"
18125,Pike,IN,2259,"12,683"
18127,Porter,IN,379,"166,557"
18129,Posey,IN,1586,"25,486"
18131,Pulaski,IN,2237,"13,007"
18133,Putnam,IN,1231,"37,505"
18135,Randolph,IN,1580,"25,627"
18137,Ripley,IN,1474,"28,419"
18139,Rush,IN,1979,"17,004"
18143,Scott,IN,1646,"23,972"
18145,Shelby,IN,1075,"44,729"
18147,Spencer,IN,1783,"20,944"
18141,St. Joseph,IN,252,"266,709"
18149,Starke,IN,1679,"23,197"
18151,Steuben,IN,1317,"34,358"
18153,Sullivan,IN,1769,"21,223"
18155,Switzerland,IN,2396,"10,526"
18157,Tippecanoe,IN,353,"180,174"
18159,Tipton,IN,2068,"15,650"
18161,Union,IN,2653,"7,277"
18163,Vanderburgh,IN,350,"181,398"
18165,Vermillion,IN,2051,"15,878"
18167,Vigo,IN,551,"108,291"
18169,Wabash,IN,1380,"32,358"
18171,Warren,IN,2570,"8,415"
18173,Warrick,IN,849,"61,049"
18175,Washington,IN,1509,"27,780"
18177,Wayne,IN,784,"67,893"
18179,Wells,IN,1504,"27,814"
18181,White,IN,1624,"24,466"
18183,Whitley,IN,1344,"33,294"
20001,Allen,KS,2231,"13,124"
20003,Anderson,KS,2607,"7,897"
20005,Atchison,KS,1995,"16,749"
20007,Barber,KS,2840,"4,947"
20009,Barton,KS,1514,"27,509"
20011,Bourbon,KS,2117,"14,852"
20013,Brown,KS,2441,"9,997"
20015,Butler,KS,803,"65,803"
20017,Chase,KS,2996,"2,700"
20019,Chautauqua,KS,2938,"3,552"
20021,Cherokee,KS,1779,"20,978"
20023,Cheyenne,KS,2997,"2,694"
20025,Clark,KS,3036,"2,193"
20027,Clay,KS,2572,"8,406"
20029,Cloud,KS,2492,"9,292"
20031,Coffey,KS,2571,"8,412"
20033,Comanche,KS,3055,"1,955"
20035,Cowley,KS,1269,"36,204"
20037,Crawford,KS,1188,"39,278"
20039,Decatur,KS,2982,"2,930"
20041,Dickinson,KS,1850,"19,609"
20043,Doniphan,KS,2609,"7,851"
20045,Douglas,KS,532,"114,322"
20047,Edwards,KS,2981,"2,945"
20049,Elk,KS,2999,"2,655"
20051,Ellis,KS,1451,"29,061"
20053,Ellsworth,KS,2729,"6,398"
20055,Finney,KS,1244,"37,098"
20057,Ford,KS,1305,"34,819"
20059,Franklin,KS,1571,"25,740"
20061,Geary,KS,1239,"37,384"
20063,Gove,KS,2989,"2,769"
20065,Graham,KS,3003,"2,593"
20067,Grant,KS,2602,"7,950"
20069,Gray,KS,2757,"6,009"
20071,Greeley,KS,3094,"1,290"
20073,Greenwood,KS,2726,"6,424"
20075,Hamilton,KS,3001,"2,609"
20077,Harper,KS,2773,"5,860"
20079,Harvey,KS,1307,"34,741"
20081,Haskell,KS,2895,"4,141"
20083,Hodgeman,KS,3056,"1,950"
20085,Jackson,KS,2220,"13,366"
20087,Jefferson,KS,1879,"18,813"
20089,Jewell,KS,2974,"3,046"
20091,Johnson,KS,110,"566,933"
20093,Kearny,KS,2911,"3,923"
20095,Kingman,KS,2610,"7,844"
20097,Kiowa,KS,3008,"2,523"
20099,Labette,KS,1785,"20,916"
20101,Lane,KS,3073,"1,720"
20103,Leavenworth,KS,702,"78,185"
20105,Lincoln,KS,2961,"3,147"
20107,Linn,KS,2470,"9,516"
20109,Logan,KS,2988,"2,798"
20111,Lyon,KS,1338,"33,510"
20115,Marion,KS,2286,"12,219"
20117,Marshall,KS,2440,"10,002"
20113,McPherson,KS,1438,"29,569"
20119,Meade,KS,2877,"4,343"
20121,Miami,KS,1362,"32,835"
20123,Mitchell,KS,2732,"6,378"
20125,Montgomery,KS,1322,"34,292"
20127,Morris,KS,2784,"5,741"
20129,Morton,KS,2962,"3,143"
20131,Nemaha,KS,2425,"10,161"
20133,Neosho,KS,2017,"16,430"
20135,Ness,KS,2972,"3,073"
20137,Norton,KS,2793,"5,622"
20139,Osage,KS,2037,"16,142"
20141,Osborne,KS,2919,"3,818"
20143,Ottawa,KS,2753,"6,042"
20145,Pawnee,KS,2687,"6,971"
20147,Phillips,KS,2802,"5,540"
20149,Pottawatomie,KS,1700,"22,691"
20151,Pratt,KS,2452,"9,878"
20153,Rawlins,KS,3005,"2,589"
20155,Reno,KS,816,"64,190"
20157,Republic,KS,2850,"4,820"
20159,Rice,KS,2438,"10,011"
20161,Riley,KS,730,"75,394"
20163,Rooks,KS,2826,"5,190"
20165,Rush,KS,2960,"3,186"
20167,Russell,KS,2689,"6,933"
20169,Saline,KS,906,"55,740"
20171,Scott,KS,2837,"5,035"
20173,Sedgwick,KS,132,"505,415"
20175,Seward,KS,1668,"23,390"
20177,Shawnee,KS,356,"178,831"
20179,Sheridan,KS,3006,"2,553"
20181,Sherman,KS,2750,"6,115"
20183,Smith,KS,2925,"3,706"
20185,Stafford,KS,2874,"4,359"
20187,Stanton,KS,3035,"2,194"
20189,Stevens,KS,2779,"5,816"
20191,Sumner,KS,1659,"23,591"
20193,Thomas,KS,2603,"7,948"
20195,Trego,KS,2980,"2,980"
20197,Wabaunsee,KS,2678,"7,051"
20199,Wallace,KS,3079,"1,569"
20201,Washington,KS,2792,"5,629"
20203,Wichita,KS,3037,"2,192"
20205,Wilson,KS,2510,"9,105"
20207,Woodson,KS,2955,"3,221"
20209,Wyandotte,KS,395,"160,384"
21001,Adair,KY,1885,"18,732"
21003,Allen,KY,1825,"20,311"
21005,Anderson,KY,1742,"21,811"
21007,Ballard,KY,2580,"8,332"
21009,Barren,KY,1111,"43,027"
21011,Bath,KY,2299,"11,961"
21013,Bell,KY,1500,"27,885"
21015,Boone,KY,498,"124,442"
21017,Bourbon,KY,1839,"19,998"
21019,Boyd,KY,1002,"48,886"
21021,Boyle,KY,1453,"29,013"
21023,Bracken,KY,2569,"8,416"
21025,Breathitt,KY,2206,"13,545"
21027,Breckinridge,KY,1838,"20,040"
21029,Bullitt,KY,711,"76,854"
21031,Butler,KY,2251,"12,793"
21033,Caldwell,KY,2250,"12,823"
21035,Calloway,KY,1229,"37,657"
21037,Campbell,KY,633,"90,988"
21039,Carlisle,KY,2839,"5,001"
21041,Carroll,KY,2361,"10,953"
21043,Carter,KY,1524,"27,202"
21045,Casey,KY,2043,"16,067"
21047,Christian,KY,734,"74,167"
21049,Clark,KY,1288,"35,614"
21051,Clay,KY,1757,"21,364"
21053,Clinton,KY,2429,"10,146"
21055,Crittenden,KY,2496,"9,255"
21057,Cumberland,KY,2701,"6,789"
21059,Daviess,KY,598,"98,218"
21061,Edmonson,KY,2295,"12,062"
21063,Elliott,KY,2628,"7,637"
21065,Estill,KY,2139,"14,488"
21067,Fayette,KY,211,"308,428"
21069,Fleming,KY,2137,"14,508"
21071,Floyd,KY,1200,"38,728"
21073,Franklin,KY,989,"49,648"
21075,Fulton,KY,2731,"6,385"
21077,Gallatin,KY,2564,"8,474"
21079,Garrard,KY,1987,"16,915"
21081,Grant,KY,1616,"24,753"
21083,Graves,KY,1235,"37,451"
21085,Grayson,KY,1564,"25,997"
21087,Green,KY,2347,"11,180"
21089,Greenup,KY,1260,"36,519"
21091,Hancock,KY,2547,"8,687"
21093,Hardin,KY,552,"108,191"
21095,Harlan,KY,1471,"28,499"
21097,Harrison,KY,1893,"18,518"
21099,Hart,KY,1891,"18,573"
21101,Henderson,KY,1042,"46,347"
21103,Henry,KY,2078,"15,445"
21105,Hickman,KY,2855,"4,745"
21107,Hopkins,KY,1033,"46,634"
21109,Jackson,KY,2215,"13,427"
21111,Jefferson,KY,78,"756,832"
21113,Jessamine,KY,978,"50,173"
21115,Johnson,KY,1665,"23,449"
21117,Kenton,KY,389,"163,145"
21119,Knott,KY,2048,"15,976"
21121,Knox,KY,1392,"31,790"
21123,LaRue,KY,2167,"14,064"
21125,Laurel,KY,870,"59,563"
21127,Lawrence,KY,2053,"15,856"
21129,Lee,KY,2654,"7,260"
21131,Leslie,KY,2357,"11,019"
21133,Letcher,KY,1657,"23,619"
21135,Lewis,KY,2186,"13,806"
21137,Lincoln,KY,1629,"24,370"
21139,Livingston,KY,2482,"9,359"
21141,Logan,KY,1538,"26,876"
21143,Lyon,KY,2568,"8,451"
21151,Madison,KY,663,"85,590"
21153,Magoffin,KY,2240,"12,950"
21155,Marion,KY,1837,"20,045"
21157,Marshall,KY,1411,"31,107"
21159,Martin,KY,2262,"12,647"
21161,Mason,KY,1967,"17,278"
21145,McCracken,KY,806,"65,373"
21147,McCreary,KY,1918,"17,989"
21149,McLean,KY,2471,"9,496"
21163,Meade,KY,1446,"29,210"
21165,Menifee,KY,2739,"6,288"
21167,Mercer,KY,1759,"21,349"
21169,Metcalfe,KY,2445,"9,983"
21171,Monroe,KY,2383,"10,681"
21173,Montgomery,KY,1521,"27,251"
21175,Morgan,KY,2218,"13,380"
21177,Muhlenberg,KY,1407,"31,179"
21179,Nelson,KY,1077,"44,540"
21181,Nicholas,KY,2680,"7,039"
21183,Ohio,KY,1644,"23,988"
21185,Oldham,KY,835,"62,364"
21187,Owen,KY,2384,"10,662"
21189,Owsley,KY,2858,"4,654"
21191,Pendleton,KY,2134,"14,570"
21193,Perry,KY,1492,"28,010"
21195,Pike,KY,824,"63,380"
21197,Powell,KY,2271,"12,494"
21199,Pulaski,KY,821,"63,907"
21201,Robertson,KY,3033,"2,235"
21203,Rockcastle,KY,1997,"16,693"
21205,Rowan,KY,1662,"23,527"
21207,Russell,KY,1933,"17,752"
21209,Scott,KY,980,"49,947"
21211,Shelby,KY,1084,"44,216"
21213,Simpson,KY,1927,"17,793"
21215,Spencer,KY,1939,"17,637"
21217,Taylor,KY,1619,"24,649"
21219,Todd,KY,2270,"12,503"
21221,Trigg,KY,2151,"14,293"
21223,Trimble,KY,2534,"8,816"
21225,Union,KY,2104,"15,029"
21227,Warren,KY,517,"118,370"
21229,Washington,KY,2307,"11,875"
21231,Wayne,KY,1794,"20,678"
21233,Webster,KY,2213,"13,452"
21235,Whitley,KY,1279,"35,766"
21237,Wolfe,KY,2657,"7,248"
21239,Woodford,KY,1598,"25,275"
22001,Acadia Parish,LA,841,"62,204"
22003,Allen Parish,LA,1582,"25,537"
22005,Ascension Parish,LA,531,"114,393"
22007,Assumption Parish,LA,1681,"23,187"
22009,Avoyelles Parish,LA,1143,"41,299"
22011,Beauregard Parish,LA,1270,"36,167"
22013,Bienville Parish,LA,2175,"13,981"
22015,Bossier Parish,LA,499,"123,823"
22017,Caddo Parish,LA,259,"254,887"
22019,Calcasieu Parish,LA,331,"195,296"
22021,Caldwell Parish,LA,2443,"9,989"
22023,Cameron Parish,LA,2704,"6,744"
22025,Catahoula Parish,LA,2419,"10,238"
22027,Claiborne Parish,LA,2000,"16,650"
22029,Concordia Parish,LA,1814,"20,442"
22031,De Soto Parish,LA,1530,"27,083"
22033,East Baton Rouge Parish,LA,151,"445,227"
22035,East Carroll Parish,LA,2640,"7,529"
22037,East Feliciana Parish,LA,1846,"19,728"
22039,Evangeline Parish,LA,1337,"33,578"
22041,Franklin Parish,LA,1803,"20,571"
22043,Grant Parish,LA,1732,"22,030"
22045,Iberia Parish,LA,738,"73,878"
22047,Iberville Parish,LA,1342,"33,367"
22049,Jackson Parish,LA,2040,"16,112"
22053,Jefferson Davis Parish,LA,1404,"31,301"
22051,Jefferson Parish,LA,159,"434,767"
22055,Lafayette Parish,LA,279,"230,845"
22057,Lafourche Parish,LA,602,"97,141"
22059,LaSalle Parish,LA,2121,"14,777"
22061,Lincoln Parish,LA,1022,"47,414"
22063,Livingston Parish,LA,471,"134,053"
22065,Madison Parish,LA,2305,"11,927"
22067,Morehouse Parish,LA,1532,"27,057"
22069,Natchitoches Parish,LA,1197,"39,138"
22071,Orleans Parish,LA,176,"378,715"
22073,Ouachita Parish,LA,403,"156,220"
22075,Plaquemines Parish,LA,1660,"23,550"
22077,Pointe Coupee Parish,LA,1709,"22,499"
22079,Rapides Parish,LA,475,"132,723"
22081,Red River Parish,LA,2529,"8,894"
22083,Richland Parish,LA,1788,"20,857"
22085,Sabine Parish,LA,1634,"24,235"
22087,St. Bernard Parish,LA,1099,"43,482"
22089,St. Charles Parish,LA,944,"52,617"
22091,St. Helena Parish,LA,2369,"10,875"
22093,St. James Parish,LA,1744,"21,752"
22095,St. John the Baptist Parish,LA,1093,"43,761"
22097,St. Landry Parish,LA,670,"83,454"
22099,St. Martin Parish,LA,942,"52,936"
22101,St. Mary Parish,LA,933,"53,543"
22103,St. Tammany Parish,LA,270,"242,333"
22105,Tangipahoa Parish,LA,492,"125,412"
22107,Tensas Parish,LA,2842,"4,908"
22109,Terrebonne Parish,LA,535,"112,749"
22111,Union Parish,LA,1715,"22,344"
22113,Vermilion Parish,LA,875,"59,253"
22115,Vernon Parish,LA,946,"52,606"
22117,Washington Parish,LA,1039,"46,419"
22119,Webster Parish,LA,1163,"40,678"
22121,West Baton Rouge Parish,LA,1622,"24,573"
22123,West Carroll Parish,LA,2330,"11,465"
22125,West Feliciana Parish,LA,2079,"15,444"
22127,Winn Parish,LA,2119,"14,813"
25001,Barnstable,MA,294,"214,990"
25003,Berkshire,MA,479,"129,585"
25005,Bristol,MA,114,"552,780"
25007,Dukes,MA,1968,"17,256"
25009,Essex,MA,77,"762,550"
25011,Franklin,MA,751,"71,221"
25013,Hampden,MA,146,"467,319"
25015,Hampshire,MA,399,"159,596"
25017,Middlesex,MA,23,"1,552,802"
25019,"Nantucket, Town and of",MA,2402,"10,399"
25021,Norfolk,MA,89,"687,802"
25023,Plymouth,MA,133,"501,915"
25025,Suffolk,MA,79,"755,503"
25027,Worcester,MA,73,"809,106"
24001,Allegany,MD,740,"73,521"
24003,Anne Arundel,MD,112,"555,743"
24005,Baltimore,MD,69,"823,015"
24510,"Baltimore, City of",MD,106,"622,104"
24009,Calvert,MD,635,"90,484"
24011,Caroline,MD,1366,"32,693"
24013,Carroll,MD,377,"167,564"
24015,Cecil,MD,576,"101,913"
24017,Charles,MD,415,"152,864"
24019,Dorchester,MD,1368,"32,660"
24021,Frederick,MD,272,"241,409"
24023,Garrett,MD,1429,"29,889"
24025,Harford,MD,264,"249,215"
24027,Howard,MD,218,"304,580"
24029,Kent,MD,1841,"19,944"
24031,Montgomery,MD,40,"1,016,677"
24033,Prince George's,MD,58,"890,081"
24035,Queen Anne's,MD,1004,"48,517"
24039,Somerset,MD,1552,"26,273"
24037,St. Mary's,MD,543,"109,633"
24041,Talbot,MD,1221,"37,931"
24043,Washington,MD,425,"149,588"
24045,Wicomico,MD,586,"100,896"
24047,Worcester,MD,960,"51,620"
23001,Androscoggin,ME,554,"107,604"
23003,Aroostook,ME,762,"70,055"
23005,Cumberland,ME,234,"285,456"
23007,Franklin,ME,1419,"30,495"
23009,Hancock,ME,916,"54,845"
23011,Kennebec,ME,508,"121,164"
23013,Knox,ME,1180,"39,550"
23015,Lincoln,ME,1325,"34,088"
23017,Oxford,ME,891,"57,277"
23019,Penobscot,ME,414,"153,364"
23021,Piscataquis,ME,1974,"17,124"
23023,Sagadahoc,ME,1301,"35,013"
23025,Somerset,ME,958,"51,706"
23027,Waldo,ME,1198,"38,940"
23029,Washington,ME,1384,"32,190"
23031,York,ME,321,"199,431"
26001,Alcona,MI,2389,"10,578"
26003,Alger,MI,2467,"9,522"
26005,Allegan,MI,536,"112,531"
26007,Alpena,MI,1449,"29,091"
26009,Antrim,MI,1670,"23,370"
26011,Arenac,MI,2075,"15,487"
26013,Baraga,MI,2546,"8,695"
26015,Barry,MI,877,"59,097"
26017,Bay,MI,560,"106,832"
26019,Benzie,MI,1958,"17,428"
26021,Berrien,MI,407,"155,252"
26023,Branch,MI,1096,"43,649"
26025,Calhoun,MI,466,"135,012"
26027,Cass,MI,957,"51,910"
26029,Charlevoix,MI,1560,"26,129"
26031,Cheboygan,MI,1572,"25,726"
26033,Chippewa,MI,1202,"38,696"
26035,Clare,MI,1418,"30,569"
26037,Clinton,MI,713,"76,739"
26039,Crawford,MI,2180,"13,904"
26041,Delta,MI,1249,"36,905"
26043,Dickinson,MI,1561,"26,098"
26045,Eaton,MI,550,"108,348"
26047,Emmet,MI,1349,"33,140"
26049,Genesee,MI,165,"415,376"
26051,Gladwin,MI,1584,"25,493"
26053,Gogebic,MI,2050,"15,916"
26055,Grand Traverse,MI,638,"89,987"
26057,Gratiot,MI,1130,"41,968"
26059,Hillsdale,MI,1046,"46,101"
26061,Houghton,MI,1268,"36,225"
26063,Huron,MI,1382,"32,224"
26065,Ingham,MI,236,"282,234"
26067,Ionia,MI,820,"64,073"
26069,Iosco,MI,1589,"25,429"
26071,Iron,MI,2326,"11,516"
26073,Isabella,MI,759,"70,436"
26075,Jackson,MI,396,"160,369"
26077,Kalamazoo,MI,258,"256,725"
26079,Kalkaska,MI,1970,"17,196"
26081,Kent,MI,107,"621,700"
26083,Keweenaw,MI,3038,"2,191"
26085,Lake,MI,2332,"11,386"
26087,Lapeer,MI,647,"88,389"
26089,Leelanau,MI,1745,"21,747"
26091,Lenawee,MI,594,"99,188"
26093,Livingston,MI,346,"184,443"
26095,Luce,MI,2720,"6,502"
26097,Mackinac,MI,2356,"11,061"
26099,Macomb,MI,64,"854,769"
26101,Manistee,MI,1625,"24,450"
26103,Marquette,MI,785,"67,700"
26105,Mason,MI,1465,"28,605"
26107,Mecosta,MI,1108,"43,108"
26109,Menominee,MI,1650,"23,791"
26111,Midland,MI,668,"83,919"
26113,Missaukee,MI,2101,"15,051"
26115,Monroe,MI,424,"150,376"
26117,Montcalm,MI,828,"63,105"
26119,Montmorency,MI,2483,"9,350"
26121,Muskegon,MI,366,"171,008"
26123,Newaygo,MI,1015,"48,001"
26125,Oakland,MI,31,"1,231,640"
26127,Oceana,MI,1553,"26,245"
26129,Ogemaw,MI,1766,"21,234"
26131,Ontonagon,MI,2735,"6,322"
26133,Osceola,MI,1677,"23,259"
26135,Oscoda,MI,2573,"8,379"
26137,Otsego,MI,1641,"24,129"
26139,Ottawa,MI,245,"272,701"
26141,Presque Isle,MI,2234,"13,062"
26143,Roscommon,MI,1643,"24,014"
26145,Saginaw,MI,326,"196,542"
26151,Sanilac,MI,1132,"41,823"
26153,Schoolcraft,MI,2589,"8,247"
26155,Shiawassee,MI,774,"68,900"
26147,St. Clair,MI,394,"160,469"
26149,St. Joseph,MI,851,"60,964"
26157,Tuscola,MI,921,"54,263"
26159,Van Buren,MI,729,"75,455"
26161,Washtenaw,MI,189,"354,240"
26163,Wayne,MI,19,"1,775,273"
26165,Wexford,MI,1370,"32,645"
27001,Aitkin,MN,2060,"15,742"
27003,Anoka,MN,196,"339,534"
27005,Becker,MN,1346,"33,231"
27007,Beltrami,MN,1054,"45,670"
27009,Benton,MN,1193,"39,214"
27011,Big Stone,MN,2830,"5,122"
27013,Blue Earth,MN,805,"65,528"
27015,Brown,MN,1594,"25,332"
27017,Carlton,MN,1293,"35,460"
27019,Carver,MN,611,"95,562"
27021,Cass,MN,1468,"28,555"
27023,Chippewa,MN,2294,"12,093"
27025,Chisago,MN,927,"53,761"
27027,Clay,MN,856,"60,661"
27029,Clearwater,MN,2533,"8,838"
27031,Cook,MN,2825,"5,200"
27033,Cottonwood,MN,2319,"11,616"
27035,Crow Wing,MN,825,"63,208"
27037,Dakota,MN,168,"408,509"
27039,Dodge,MN,1821,"20,349"
27041,Douglas,MN,1259,"36,545"
27043,Faribault,MN,2159,"14,191"
27045,Fillmore,MN,1791,"20,835"
27047,Freeborn,MN,1414,"30,948"
27049,Goodhue,MN,1037,"46,464"
27051,Grant,MN,2760,"5,989"
27053,Hennepin,MN,35,"1,198,778"
27055,Houston,MN,1881,"18,799"
27057,Hubbard,MN,1796,"20,658"
27059,Isanti,MN,1211,"38,204"
27061,Itasca,MN,1058,"45,564"
27063,Jackson,MN,2416,"10,260"
27065,Kanabec,MN,2046,"15,996"
27067,Kandiyohi,MN,1120,"42,410"
27069,Kittson,MN,2868,"4,503"
27071,Koochiching,MN,2228,"13,206"
27073,Lac qui Parle,MN,2682,"7,027"
27075,Lake,MN,2374,"10,777"
27077,Lake of the Woods,MN,2910,"3,929"
27079,Le Sueur,MN,1505,"27,810"
27081,Lincoln,MN,2777,"5,830"
27083,Lyon,MN,1585,"25,487"
27087,Mahnomen,MN,2803,"5,532"
27089,Marshall,MN,2476,"9,425"
27091,Martin,MN,1815,"20,422"
27085,McLeod,MN,1278,"35,918"
27093,Meeker,MN,1683,"23,119"
27095,Mille Lacs,MN,1569,"25,833"
27097,Morrison,MN,1361,"32,872"
27099,Mower,MN,1186,"39,327"
27101,Murray,MN,2562,"8,533"
27103,Nicollet,MN,1353,"33,032"
27105,Nobles,MN,1748,"21,617"
27107,Norman,MN,2711,"6,631"
27109,Olmsted,MN,427,"149,226"
27111,Otter Tail,MN,886,"57,581"
27113,Pennington,MN,2163,"14,118"
27115,Pine,MN,1448,"29,104"
27117,Pipestone,MN,2494,"9,270"
27119,Polk,MN,1398,"31,569"
27121,Pope,MN,2366,"10,932"
27123,Ramsey,MN,124,"526,714"
27125,Red Lake,MN,2899,"4,057"
27127,Redwood,MN,2059,"15,744"
27129,Renville,MN,2091,"15,166"
27131,Rice,MN,812,"65,049"
27133,Rock,MN,2468,"9,520"
27135,Roseau,MN,2072,"15,520"
27139,Scott,MN,455,"137,232"
27141,Sherburne,MN,636,"90,158"
27143,Sibley,MN,2099,"15,072"
27137,St. Louis,MN,319,"200,540"
27145,Stearns,MN,417,"152,092"
27147,Steele,MN,1266,"36,465"
27149,Stevens,MN,2458,"9,735"
27151,Swift,MN,2465,"9,546"
27153,Todd,MN,1628,"24,382"
27155,Traverse,MN,2945,"3,445"
27157,Wabasha,MN,1754,"21,443"
27159,Wadena,MN,2187,"13,804"
27161,Waseca,MN,1869,"19,098"
27163,Washington,MN,267,"246,603"
27165,Watonwan,MN,2350,"11,137"
27167,Wilkin,MN,2716,"6,557"
27169,Winona,MN,968,"51,232"
27171,Wright,MN,482,"128,470"
27173,Yellow Medicine,MN,2430,"10,143"
29001,Adair,MO,1581,"25,572"
29003,Andrew,MO,1955,"17,445"
29005,Atchison,MO,2808,"5,449"
29007,Audrain,MO,1576,"25,661"
29009,Barry,MO,1289,"35,572"
29011,Barton,MO,2285,"12,275"
29013,Bates,MO,2007,"16,550"
29015,Benton,MO,1876,"18,932"
29017,Bollinger,MO,2272,"12,490"
29019,Boone,MO,367,"170,773"
29021,Buchanan,MO,640,"89,631"
29023,Butler,MO,1110,"43,083"
29025,Caldwell,MO,2511,"9,097"
29027,Callaway,MO,1080,"44,359"
29029,Camden,MO,1089,"43,862"
29031,Cape Girardeau,MO,708,"77,320"
29033,Carroll,MO,2506,"9,127"
29035,Carter,MO,2738,"6,291"
29037,Cass,MO,588,"100,641"
29039,Cedar,MO,2179,"13,913"
29041,Chariton,MO,2633,"7,628"
29043,Christian,MO,686,"80,899"
29045,Clark,MO,2690,"6,910"
29047,Clay,MO,281,"230,473"
29049,Clinton,MO,1803,"20,571"
29051,Cole,MO,715,"76,699"
29053,Cooper,MO,1938,"17,647"
29055,Crawford,MO,1623,"24,543"
29057,Dade,MO,2635,"7,578"
29059,Dallas,MO,2008,"16,535"
29061,Daviess,MO,2585,"8,294"
29063,DeKalb,MO,2248,"12,840"
29065,Dent,MO,2061,"15,730"
29067,Douglas,MO,2208,"13,515"
29069,Dunklin,MO,1393,"31,712"
29071,Franklin,MO,579,"101,816"
29073,Gasconade,MO,2113,"14,901"
29075,Gentry,MO,2702,"6,775"
29077,Greene,MO,235,"283,870"
29079,Grundy,MO,2405,"10,355"
29081,Harrison,MO,2543,"8,741"
29083,Henry,MO,1731,"22,059"
29085,Hickory,MO,2491,"9,305"
29087,Holt,MO,2863,"4,568"
29089,Howard,MO,2417,"10,257"
29091,Howell,MO,1166,"40,393"
29093,Iron,MO,2408,"10,344"
29095,Jackson,MO,91,"679,996"
29097,Jasper,MO,524,"116,398"
29099,Jefferson,MO,288,"221,396"
29101,Johnson,MO,918,"54,572"
29103,Knox,MO,2898,"4,067"
29105,Laclede,MO,1284,"35,667"
29107,Lafayette,MO,1357,"32,943"
29109,Lawrence,MO,1213,"38,185"
29111,Lewis,MO,2427,"10,152"
29113,Lincoln,MO,926,"53,860"
29115,Linn,MO,2279,"12,368"
29117,Livingston,MO,2116,"14,871"
29121,Macon,MO,2070,"15,544"
29123,Madison,MO,2275,"12,431"
29125,Maries,MO,2520,"9,018"
29127,Marion,MO,1458,"28,904"
29119,McDonald,MO,1706,"22,558"
29129,Mercer,MO,2927,"3,695"
29131,Miller,MO,1605,"25,092"
29133,Mississippi,MO,2153,"14,282"
29135,Moniteau,MO,2057,"15,748"
29137,Monroe,MO,2537,"8,774"
29139,Montgomery,MO,2298,"11,965"
29141,Morgan,MO,1828,"20,265"
29143,New Madrid,MO,1903,"18,365"
29145,Newton,MO,880,"58,845"
29147,Nodaway,MO,1676,"23,261"
29149,Oregon,MO,2359,"10,996"
29151,Osage,MO,2196,"13,688"
29153,Ozark,MO,2464,"9,560"
29155,Pemiscot,MO,1924,"17,823"
29157,Perry,MO,1871,"19,072"
29159,Pettis,MO,1127,"42,205"
29161,Phelps,MO,1073,"44,807"
29163,Pike,MO,1888,"18,669"
29165,Platte,MO,622,"93,310"
29167,Polk,MO,1413,"30,974"
29169,Pulaski,MO,928,"53,748"
29171,Putnam,MO,2846,"4,875"
29173,Ralls,MO,2422,"10,192"
29175,Randolph,MO,1610,"24,940"
29177,Ray,MO,1687,"23,039"
29179,Reynolds,MO,2714,"6,599"
29181,Ripley,MO,2170,"14,032"
29195,Saline,MO,1678,"23,252"
29197,Schuyler,MO,2875,"4,358"
29199,Scotland,MO,2841,"4,921"
29201,Scott,MO,1187,"39,290"
29203,Shannon,MO,2584,"8,297"
29205,Shelby,MO,2745,"6,177"
29183,St. Charles,MO,179,"373,495"
29185,St. Clair,MO,2472,"9,487"
29187,St. Francois,MO,797,"66,215"
29189,St. Louis,MO,41,"1,001,444"
29510,"St. Louis, City of",MO,208,"318,416"
29186,Ste. Genevieve,MO,1929,"17,778"
29207,Stoddard,MO,1432,"29,780"
29209,Stone,MO,1405,"31,297"
29211,Sullivan,MO,2724,"6,448"
29213,Taney,MO,932,"53,575"
29215,Texas,MO,1579,"25,636"
29217,Vernon,MO,1781,"20,949"
29219,Warren,MO,1355,"32,999"
29221,Washington,MO,1602,"25,172"
29223,Wayne,MO,2217,"13,404"
29225,Webster,MO,1265,"36,466"
29227,Worth,MO,3043,"2,090"
29229,Wright,MO,1895,"18,473"
28001,Adams,MS,1388,"32,090"
28003,Alcorn,MS,1241,"37,316"
28005,Amite,MS,2242,"12,899"
28007,Attala,MS,1864,"19,317"
28009,Benton,MS,2559,"8,571"
28011,Bolivar,MS,1328,"34,049"
28013,Calhoun,MS,2122,"14,734"
28015,Carroll,MS,2403,"10,385"
28017,Chickasaw,MS,1964,"17,311"
28019,Choctaw,MS,2575,"8,371"
28021,Claiborne,MS,2497,"9,253"
28023,Clarke,MS,2020,"16,415"
28025,Clay,MS,1817,"20,408"
28027,Coahoma,MS,1601,"25,182"
28029,Copiah,MS,1456,"28,921"
28031,Covington,MS,1862,"19,423"
28033,DeSoto,MS,375,"168,240"
28035,Forrest,MS,709,"77,059"
28037,Franklin,MS,2605,"7,931"
28039,George,MS,1682,"23,159"
28041,Greene,MS,2155,"14,244"
28043,Grenada,MS,1749,"21,612"
28045,Hancock,MS,1057,"45,566"
28047,Harrison,MS,327,"196,500"
28049,Hinds,MS,269,"244,899"
28051,Holmes,MS,1899,"18,428"
28053,Humphreys,MS,2527,"8,922"
28055,Issaquena,MS,3087,"1,395"
28057,Itawamba,MS,1667,"23,434"
28059,Jackson,MS,448,"140,450"
28061,Jasper,MS,2014,"16,470"
28063,Jefferson,MS,2631,"7,629"
28065,Jefferson Davis,MS,2303,"11,948"
28067,Jones,MS,773,"68,961"
28069,Kemper,MS,2414,"10,294"
28071,Lafayette,MS,967,"51,318"
28073,Lamar,MS,881,"58,801"
28075,Lauderdale,MS,691,"80,254"
28077,Lawrence,MS,2267,"12,514"
28079,Leake,MS,1669,"23,389"
28081,Lee,MS,664,"85,340"
28083,Leflore,MS,1397,"31,607"
28085,Lincoln,MS,1306,"34,810"
28087,Lowndes,MS,866,"59,922"
28089,Madison,MS,590,"100,412"
28091,Marion,MS,1556,"26,180"
28093,Marshall,MS,1262,"36,515"
28095,Monroe,MS,1273,"36,116"
28097,Montgomery,MS,2393,"10,553"
28099,Neshoba,MS,1439,"29,507"
28101,Newton,MS,1746,"21,689"
28103,Noxubee,MS,2354,"11,089"
28105,Oktibbeha,MS,999,"49,043"
28107,Panola,MS,1316,"34,402"
28109,Pearl River,MS,914,"55,072"
28111,Perry,MS,2291,"12,131"
28113,Pike,MS,1170,"40,014"
28115,Pontotoc,MS,1416,"30,897"
28117,Prentiss,MS,1591,"25,388"
28119,Quitman,MS,2613,"7,803"
28121,Rankin,MS,438,"146,767"
28123,Scott,MS,1480,"28,273"
28125,Sharkey,MS,2856,"4,708"
28127,Simpson,MS,1515,"27,500"
28129,Smith,MS,2029,"16,225"
28131,Stone,MS,1917,"18,016"
28133,Sunflower,MS,1495,"27,997"
28135,Tallahatchie,MS,2095,"15,081"
28137,Tate,MS,1477,"28,373"
28139,Tippah,MS,1726,"22,084"
28141,Tishomingo,MS,1856,"19,529"
28143,Tunica,MS,2390,"10,560"
28145,Union,MS,1510,"27,754"
28147,Walthall,MS,2110,"14,931"
28149,Warren,MS,1010,"48,218"
28151,Washington,MS,988,"49,688"
28153,Wayne,MS,1806,"20,539"
28155,Webster,MS,2444,"9,987"
28157,Wilkinson,MS,2479,"9,381"
28159,Winston,MS,1882,"18,788"
28161,Yalobusha,MS,2278,"12,373"
28163,Yazoo,MS,1501,"27,883"
30001,Beaverhead,MT,2484,"9,341"
30003,Big Horn,MT,2236,"13,042"
30005,Blaine,MT,2713,"6,604"
30007,Broadwater,MT,2789,"5,692"
30009,Carbon,MT,2409,"10,340"
30011,Carter,MT,3102,"1,174"
30013,Cascade,MT,676,"82,384"
30015,Chouteau,MT,2775,"5,849"
30017,Custer,MT,2302,"11,951"
30019,Daniels,MT,3070,"1,791"
30021,Dawson,MT,2473,"9,445"
30023,Deer Lodge,MT,2486,"9,329"
30025,Fallon,MT,2971,"3,079"
30027,Fergus,MT,2328,"11,501"
30029,Flathead,MT,623,"93,068"
30031,Gallatin,MT,616,"94,720"
30033,Garfield,MT,3094,"1,290"
30035,Glacier,MT,2193,"13,739"
30037,Golden Valley,MT,3115,859
30039,Granite,MT,2963,"3,138"
30041,Hill,MT,2005,"16,568"
30043,Jefferson,MT,2327,"11,512"
30045,Judith Basin,MT,3051,"2,016"
30047,Lake,MT,1452,"29,017"
30049,Lewis and Clark,MT,807,"65,338"
30051,Liberty,MT,3017,"2,369"
30053,Lincoln,MT,1860,"19,460"
30057,Madison,MT,2620,"7,712"
30055,McCone,MT,3074,"1,709"
30059,Meagher,MT,3060,"1,937"
30061,Mineral,MT,2882,"4,275"
30063,Missoula,MT,541,"111,807"
30065,Musselshell,MT,2860,"4,629"
30067,Park,MT,2067,"15,682"
30069,Petroleum,MT,3136,506
30071,Phillips,MT,2890,"4,179"
30073,Pondera,MT,2741,"6,211"
30075,Powder River,MT,3071,"1,748"
30077,Powell,MT,2683,"6,993"
30079,Prairie,MT,3101,"1,179"
30081,Ravalli,MT,1157,"40,823"
30083,Richland,MT,2345,"11,214"
30085,Roosevelt,MT,2351,"11,125"
30087,Rosebud,MT,2486,"9,329"
30089,Sanders,MT,2333,"11,363"
30091,Sheridan,MT,2931,"3,668"
30093,Silver Bow,MT,1312,"34,523"
30095,Stillwater,MT,2489,"9,318"
30097,Sweet Grass,MT,2930,"3,669"
30099,Teton,MT,2752,"6,065"
30101,Toole,MT,2829,"5,138"
30103,Treasure,MT,3127,700
30105,Valley,MT,2630,"7,630"
30107,Wheatland,MT,3041,"2,134"
30109,Wibaux,MT,3105,"1,121"
30111,Yellowstone,MT,412,"154,162"
37001,Alamance,NC,411,"154,378"
37003,Alexander,NC,1248,"36,930"
37005,Alleghany,NC,2363,"10,939"
37007,Anson,NC,1558,"26,161"
37009,Ashe,NC,1527,"27,151"
37011,Avery,NC,1936,"17,713"
37013,Beaufort,NC,1021,"47,464"
37015,Bertie,NC,1822,"20,344"
37017,Bladen,NC,1303,"34,843"
37019,Brunswick,NC,525,"115,301"
37021,Buncombe,NC,265,"247,912"
37023,Burke,NC,639,"89,842"
37025,Cabarrus,NC,340,"187,226"
37027,Caldwell,NC,677,"81,990"
37029,Camden,NC,2423,"10,187"
37031,Carteret,NC,776,"68,434"
37033,Caswell,NC,1680,"23,190"
37035,Catawba,NC,408,"154,810"
37037,Chatham,NC,793,"66,817"
37039,Cherokee,NC,1522,"27,218"
37041,Chowan,NC,2123,"14,726"
37043,Clay,NC,2388,"10,584"
37045,Cleveland,NC,604,"97,047"
37047,Columbus,NC,892,"57,246"
37049,Craven,NC,565,"104,489"
37051,Cumberland,NC,202,"325,871"
37053,Currituck,NC,1627,"24,396"
37055,Dare,NC,1300,"35,019"
37057,Davidson,NC,387,"163,420"
37059,Davie,NC,1139,"41,554"
37061,Duplin,NC,865,"60,084"
37063,Durham,NC,232,"288,133"
37065,Edgecombe,NC,907,"55,574"
37067,Forsyth,NC,186,"361,220"
37069,Franklin,NC,839,"62,260"
37071,Gaston,NC,303,"209,420"
37073,Gates,NC,2316,"11,650"
37075,Graham,NC,2544,"8,736"
37077,Granville,NC,882,"58,275"
37079,Greene,NC,1767,"21,232"
37081,Guilford,NC,130,"506,610"
37083,Halifax,NC,934,"53,453"
37085,Harnett,NC,494,"124,987"
37087,Haywood,NC,876,"59,183"
37089,Henderson,NC,544,"109,540"
37091,Hertford,NC,1626,"24,431"
37093,Hoke,NC,966,"51,322"
37095,Hyde,NC,2786,"5,721"
37097,Iredell,NC,384,"164,517"
37099,Jackson,NC,1155,"40,919"
37101,Johnston,NC,357,"177,967"
37103,Jones,NC,2421,"10,215"
37105,Lee,NC,862,"60,266"
37107,Lenoir,NC,878,"58,914"
37109,Lincoln,NC,693,"79,740"
37113,Macon,NC,1332,"33,857"
37115,Madison,NC,1776,"21,022"
37117,Martin,NC,1655,"23,699"
37111,McDowell,NC,1068,"44,961"
37119,Mecklenburg,NC,43,"990,977"
37121,Mitchell,NC,2084,"15,328"
37123,Montgomery,NC,1512,"27,571"
37125,Moore,NC,632,"91,587"
37127,Nash,NC,614,"95,093"
37129,New Hanover,NC,299,"213,267"
37131,Northampton,NC,1790,"20,839"
37133,Onslow,NC,343,"185,220"
37135,Orange,NC,449,"140,352"
37137,Pamlico,NC,2239,"12,953"
37139,Pasquotank,NC,1171,"39,981"
37141,Pender,NC,910,"55,334"
37143,Perquimans,NC,2200,"13,601"
37145,Person,NC,1189,"39,276"
37147,Pitt,NC,364,"174,263"
37149,Polk,NC,1816,"20,411"
37151,Randolph,NC,444,"142,577"
37153,Richmond,NC,1040,"46,405"
37155,Robeson,NC,468,"134,841"
37157,Rockingham,NC,630,"91,878"
37159,Rowan,NC,454,"138,323"
37161,Rutherford,NC,790,"66,956"
37163,Sampson,NC,818,"64,150"
37165,Scotland,NC,1275,"36,025"
37167,Stanly,NC,857,"60,635"
37169,Stokes,NC,1035,"46,588"
37171,Surry,NC,744,"73,050"
37173,Swain,NC,2168,"14,058"
37175,Transylvania,NC,1359,"32,903"
37177,Tyrrell,NC,2897,"4,109"
37179,Union,NC,300,"212,756"
37181,Vance,NC,1072,"44,808"
37183,Wake,NC,46,"974,289"
37185,Warren,NC,1802,"20,575"
37187,Washington,NC,2256,"12,722"
37189,Watauga,NC,952,"52,372"
37191,Wayne,NC,497,"124,583"
37193,Wilkes,NC,771,"69,023"
37195,Wilson,NC,678,"81,667"
37197,Yadkin,NC,1216,"38,038"
37199,Yancey,NC,1946,"17,566"
38001,Adams,ND,3019,"2,360"
38003,Barnes,ND,2346,"11,190"
38005,Benson,ND,2692,"6,877"
38007,Billings,ND,3112,874
38009,Bottineau,ND,2705,"6,736"
38011,Bowman,ND,2957,"3,214"
38013,Burke,ND,3026,"2,306"
38015,Burleigh,ND,646,"88,457"
38017,Cass,ND,390,"162,829"
38019,Cavalier,ND,2913,"3,896"
38021,Dickey,ND,2818,"5,248"
38023,Divide,ND,3025,"2,314"
38025,Dunn,ND,2893,"4,162"
38027,Eddy,ND,3012,"2,404"
38029,Emmons,ND,2942,"3,486"
38031,Foster,ND,2950,"3,366"
38033,Golden Valley,ND,3069,"1,823"
38035,Grand Forks,ND,768,"69,179"
38037,Grant,ND,3016,"2,377"
38039,Griggs,ND,3027,"2,296"
38041,Hettinger,ND,2998,"2,660"
38043,Kidder,ND,3011,"2,428"
38045,LaMoure,ND,2892,"4,166"
38047,Logan,ND,3059,"1,946"
38049,McHenry,ND,2764,"5,922"
38051,McIntosh,ND,2990,"2,754"
38053,McKenzie,ND,2490,"9,314"
38055,McLean,ND,2469,"9,517"
38057,Mercer,ND,2557,"8,592"
38059,Morton,ND,1454,"28,990"
38061,Mountrail,ND,2480,"9,376"
38063,Nelson,ND,2967,"3,095"
38065,Oliver,ND,3067,"1,874"
38067,Pembina,ND,2662,"7,181"
38069,Pierce,ND,2870,"4,451"
38071,Ramsey,ND,2323,"11,554"
38073,Ransom,ND,2805,"5,516"
38075,Renville,ND,3002,"2,608"
38077,Richland,ND,2022,"16,339"
38079,Rolette,ND,2133,"14,582"
38081,Sargent,ND,2916,"3,890"
38083,Sheridan,ND,3093,"1,304"
38085,Sioux,ND,2871,"4,430"
38087,Slope,ND,3122,761
38089,Stark,ND,1485,"28,212"
38091,Steele,ND,3054,"1,960"
38093,Stutsman,ND,1774,"21,120"
38095,Towner,ND,3024,"2,317"
38097,Traill,ND,2590,"8,245"
38099,Walsh,ND,2352,"11,104"
38101,Ward,ND,781,"67,990"
38103,Wells,ND,2887,"4,206"
38105,Williams,ND,1434,"29,595"
31001,Adams,NE,1396,"31,610"
31003,Antelope,NE,2722,"6,456"
31005,Arthur,NE,3138,458
31007,Banner,NE,3123,759
31009,Blaine,NE,3137,482
31011,Boone,NE,2811,"5,388"
31013,Box Butte,NE,2337,"11,305"
31015,Boyd,NE,3048,"2,032"
31017,Brown,NE,2983,"2,926"
31019,Buffalo,NE,1018,"47,893"
31021,Burt,NE,2715,"6,574"
31023,Butler,NE,2582,"8,312"
31025,Cass,NE,1592,"25,357"
31027,Cedar,NE,2545,"8,711"
31029,Chase,NE,2908,"4,000"
31031,Cherry,NE,2781,"5,788"
31033,Cheyenne,NE,2431,"10,091"
31035,Clay,NE,2730,"6,392"
31037,Colfax,NE,2399,"10,425"
31039,Cuming,NE,2521,"8,996"
31041,Custer,NE,2373,"10,792"
31043,Dakota,NE,1782,"20,947"
31045,Dawes,NE,2512,"9,088"
31047,Dawson,NE,1636,"24,207"
31049,Deuel,NE,3060,"1,937"
31051,Dixon,NE,2774,"5,851"
31053,Dodge,NE,1262,"36,515"
31055,Douglas,NE,121,"537,256"
31057,Dundy,NE,3052,"1,981"
31059,Fillmore,NE,2787,"5,698"
31061,Franklin,NE,2970,"3,085"
31063,Frontier,NE,2994,"2,709"
31065,Furnas,NE,2847,"4,865"
31067,Gage,NE,1740,"21,864"
31069,Garden,NE,3063,"1,902"
31071,Garfield,NE,3047,"2,035"
31073,Gosper,NE,3053,"1,972"
31075,Grant,NE,3133,633
31077,Greeley,NE,3009,"2,494"
31079,Hall,NE,855,"60,720"
31081,Hamilton,NE,2509,"9,112"
31083,Harlan,NE,2941,"3,513"
31085,Hayes,NE,3109,976
31087,Hitchcock,NE,2985,"2,872"
31089,Holt,NE,2398,"10,449"
31091,Hooker,NE,3125,738
31093,Howard,NE,2733,"6,355"
31095,Jefferson,NE,2638,"7,560"
31097,Johnson,NE,2828,"5,144"
31099,Kearney,NE,2717,"6,548"
31101,Keith,NE,2594,"8,130"
31103,Keya Paha,NE,3119,790
31105,Kimball,NE,2926,"3,702"
31107,Knox,NE,2560,"8,565"
31109,Lancaster,NE,224,"297,036"
31111,Lincoln,NE,1274,"36,051"
31113,Logan,NE,3121,763
31115,Loup,NE,3134,576
31119,Madison,NE,1297,"35,278"
31117,McPherson,NE,3135,526
31121,Merrick,NE,2614,"7,802"
31123,Morrill,NE,2842,"4,908"
31125,Nance,NE,2932,"3,623"
31127,Nemaha,NE,2665,"7,157"
31129,Nuckolls,NE,2872,"4,413"
31131,Otoe,NE,2056,"15,752"
31133,Pawnee,NE,2994,"2,709"
31135,Perkins,NE,2984,"2,921"
31137,Phelps,NE,2502,"9,213"
31139,Pierce,NE,2667,"7,150"
31141,Platte,NE,1375,"32,505"
31143,Polk,NE,2816,"5,275"
31145,Red Willow,NE,2358,"11,006"
31147,Richardson,NE,2595,"8,125"
31149,Rock,NE,3086,"1,411"
31151,Saline,NE,2143,"14,416"
31153,Sarpy,NE,372,"169,331"
31155,Saunders,NE,1784,"20,929"
31157,Scotts Bluff,NE,1250,"36,848"
31159,Seward,NE,1975,"17,089"
31161,Sheridan,NE,2817,"5,251"
31163,Sherman,NE,2964,"3,106"
31165,Sioux,NE,3092,"1,313"
31167,Stanton,NE,2749,"6,133"
31169,Thayer,NE,2827,"5,189"
31171,Thomas,NE,3128,699
31173,Thurston,NE,2691,"6,895"
31175,Valley,NE,2888,"4,193"
31177,Washington,NE,1830,"20,223"
31179,Wayne,NE,2477,"9,411"
31181,Webster,NE,2928,"3,688"
31183,Wheeler,NE,3123,759
31185,York,NE,2182,"13,883"
33001,Belknap,NH,863,"60,179"
33003,Carroll,NH,1020,"47,499"
33005,Cheshire,NH,717,"76,610"
33007,Coos,NH,1390,"31,997"
33009,Grafton,NH,641,"89,629"
33011,Hillsborough,NH,169,"403,985"
33013,Merrimack,NH,437,"146,849"
33015,Rockingham,NH,222,"299,134"
33017,Strafford,NH,496,"124,593"
33019,Sullivan,NH,1112,"42,984"
34001,Atlantic,NJ,242,"275,862"
34003,Bergen,NJ,55,"925,328"
34005,Burlington,NJ,149,"450,838"
34007,Camden,NJ,127,"512,854"
34009,Cape May,NJ,607,"95,897"
34011,Cumberland,NJ,401,"157,332"
34013,Essex,NJ,75,"789,565"
34015,Gloucester,NJ,229,"290,265"
34017,Hudson,NJ,94,"660,282"
34019,Hunterdon,NJ,489,"126,250"
34021,Mercer,NJ,182,"370,414"
34023,Middlesex,NJ,67,"828,919"
34025,Monmouth,NJ,101,"629,672"
34027,Morris,NJ,135,"499,397"
34029,Ocean,NJ,109,"583,414"
34031,Passaic,NJ,131,"505,672"
34033,Salem,NJ,811,"65,166"
34035,Somerset,NJ,198,"330,585"
34037,Sussex,NJ,439,"145,992"
34039,Union,NJ,119,"548,256"
34041,Warren,NJ,556,"107,379"
35001,Bernalillo,NM,92,"674,221"
35003,Catron,NM,2935,"3,607"
35005,Chaves,NM,802,"65,823"
35006,Cibola,NM,1517,"27,335"
35007,Colfax,NM,2233,"13,094"
35009,Curry,NM,973,"50,598"
35011,De Baca,NM,3062,"1,907"
35013,Doña Ana,NM,298,"213,460"
35015,Eddy,NM,908,"55,471"
35017,Grant,NM,1443,"29,328"
35019,Guadalupe,NM,2865,"4,551"
35021,Harding,NM,3129,693
35023,Hidalgo,NM,2858,"4,654"
35025,Lea,NM,780,"68,062"
35027,Lincoln,NM,1834,"20,105"
35028,Los Alamos,NM,1925,"17,798"
35029,Luna,NM,1618,"24,659"
35031,McKinley,NM,742,"73,308"
35033,Mora,NM,2857,"4,704"
35035,Otero,NM,804,"65,616"
35037,Quay,NM,2551,"8,662"
35039,Rio Arriba,NM,1169,"40,072"
35041,Roosevelt,NM,1840,"19,955"
35045,San Juan,NM,485,"126,503"
35047,San Miguel,NM,1469,"28,541"
35043,Sandoval,NM,458,"136,575"
35049,Santa Fe,NM,433,"147,423"
35051,Sierra,NM,2321,"11,572"
35053,Socorro,NM,1943,"17,584"
35055,Taos,NM,1352,"33,035"
35057,Torrance,NM,2062,"15,717"
35059,Union,NM,2873,"4,370"
35061,Valencia,NM,720,"76,284"
32510,"Carson City, Consolidated Municipality of",NV,922,"54,080"
32001,Churchill,NV,1642,"24,063"
32003,Clark,NV,14,"2,027,868"
32005,Douglas,NV,1025,"47,118"
32007,Elko,NV,950,"52,384"
32009,Esmeralda,NV,3115,832
32011,Eureka,NV,3045,"2,076"
32013,Humboldt,NV,1961,"17,363"
32015,Lander,NV,2754,"6,032"
32017,Lincoln,NV,2819,"5,245"
32019,Lyon,NV,962,"51,557"
32021,Mineral,NV,2862,"4,614"
32023,Nye,NV,1124,"42,297"
32027,Pershing,NV,2692,"6,877"
32029,Storey,NV,2909,"3,942"
32031,Washoe,NV,160,"433,731"
32033,White Pine,NV,2434,"10,057"
36001,Albany,NY,214,"306,945"
36003,Allegany,NY,1012,"48,109"
36005,Bronx,NY,26,"1,418,733"
36007,Broome,NY,325,"197,534"
36009,Cattaraugus,NY,697,"78,892"
36011,Cayuga,NY,695,"79,477"
36013,Chautauqua,NY,473,"133,080"
36015,Chemung,NY,645,"88,506"
36017,Chenango,NY,991,"49,503"
36019,Clinton,NY,679,"81,591"
36021,Columbia,NY,840,"62,243"
36023,Cortland,NY,1000,"48,976"
36025,Delaware,NY,1032,"46,722"
36027,Dutchess,NY,225,"296,916"
36029,Erie,NY,56,"919,866"
36031,Essex,NY,1199,"38,762"
36033,Franklin,NY,959,"51,688"
36035,Fulton,NY,917,"54,586"
36037,Genesee,NY,873,"59,454"
36039,Greene,NY,1007,"48,455"
36041,Hamilton,NY,2852,"4,773"
36043,Herkimer,NY,817,"64,181"
36045,Jefferson,NY,512,"119,504"
36047,Kings,NY,8,"2,592,149"
36049,Lewis,NY,1528,"27,149"
36051,Livingston,NY,814,"64,705"
36053,Madison,NY,746,"72,382"
36055,Monroe,NY,81,"749,606"
36057,Montgomery,NY,982,"49,897"
36059,Nassau,NY,28,"1,352,146"
36061,New York,NY,20,"1,626,159"
36063,Niagara,NY,295,"214,249"
36065,Oneida,NY,278,"233,585"
36067,Onondaga,NY,145,"468,387"
36069,Ontario,NY,546,"109,103"
36071,Orange,NY,177,"375,592"
36073,Orleans,NY,1126,"42,235"
36075,Oswego,NY,507,"121,165"
36077,Otsego,NY,845,"61,683"
36079,Putnam,NY,593,"99,645"
36081,Queens,NY,10,"2,296,175"
36083,Rensselaer,NY,398,"159,918"
36085,Richmond,NY,142,"472,621"
36087,Rockland,NY,205,"320,903"
36091,Saratoga,NY,286,"223,865"
36093,Schenectady,NY,406,"155,333"
36095,Schoharie,NY,1391,"31,844"
36097,Schuyler,NY,1897,"18,460"
36099,Seneca,NY,1294,"35,409"
36089,St. Lawrence,NY,540,"111,963"
36101,Steuben,NY,596,"98,650"
36103,Suffolk,NY,24,"1,499,738"
36105,Sullivan,NY,716,"76,665"
36107,Tioga,NY,976,"50,243"
36109,Tompkins,NY,568,"103,617"
36111,Ulster,NY,351,"180,998"
36113,Warren,NY,808,"65,337"
36115,Washington,NY,829,"63,093"
36117,Wayne,NY,628,"92,473"
36119,Westchester,NY,47,"968,802"
36121,Wyoming,NY,1140,"41,531"
36123,Yates,NY,1603,"25,156"
39001,Adams,OH,1487,"28,105"
39003,Allen,OH,563,"105,298"
39005,Ashland,OH,940,"53,043"
39007,Ashtabula,OH,592,"99,811"
39009,Athens,OH,815,"64,681"
39011,Auglaize,OH,1048,"45,920"
39013,Belmont,OH,766,"69,571"
39015,Brown,OH,1082,"44,264"
39017,Butler,OH,181,"371,272"
39019,Carroll,OH,1479,"28,275"
39021,Champaign,OH,1183,"39,455"
39023,Clark,OH,462,"136,167"
39025,Clermont,OH,320,"200,218"
39027,Clinton,OH,1131,"41,945"
39029,Columbiana,OH,561,"105,893"
39031,Coshocton,OH,1255,"36,760"
39033,Crawford,OH,1116,"42,808"
39035,Cuyahoga,OH,30,"1,263,154"
39037,Darke,OH,951,"52,376"
39039,Defiance,OH,1206,"38,532"
39041,Delaware,OH,344,"184,979"
39043,Erie,OH,723,"76,048"
39045,Fairfield,OH,429,"148,867"
39047,Fayette,OH,1460,"28,800"
39049,Franklin,OH,34,"1,212,263"
39051,Fulton,OH,1118,"42,488"
39053,Gallia,OH,1417,"30,621"
39055,Geauga,OH,618,"93,972"
39057,Greene,OH,388,"163,204"
39059,Guernsey,OH,1179,"39,636"
39061,Hamilton,OH,74,"804,520"
39063,Hancock,OH,725,"75,773"
39065,Hardin,OH,1395,"31,641"
39067,Harrison,OH,2069,"15,622"
39069,Henry,OH,1488,"28,092"
39071,Highland,OH,1105,"43,299"
39073,Hocking,OH,1463,"28,665"
39075,Holmes,OH,1097,"43,593"
39077,Huron,OH,879,"58,889"
39079,Jackson,OH,1364,"32,783"
39081,Jefferson,OH,782,"67,964"
39083,Knox,OH,853,"60,810"
39085,Lake,OH,282,"229,857"
39087,Lawrence,OH,844,"61,917"
39089,Licking,OH,374,"168,375"
39091,Logan,OH,1060,"45,481"
39093,Lorain,OH,219,"302,827"
39095,Lucas,OH,156,"436,393"
39097,Madison,OH,1106,"43,277"
39099,Mahoning,OH,277,"233,869"
39101,Marion,OH,801,"65,905"
39103,Medina,OH,361,"174,915"
39105,Meigs,OH,1664,"23,496"
39107,Mercer,OH,1159,"40,784"
39109,Miami,OH,569,"103,439"
39111,Monroe,OH,2132,"14,585"
39113,Montgomery,OH,122,"535,846"
39115,Morgan,OH,2112,"14,904"
39117,Morrow,OH,1299,"35,033"
39119,Muskingum,OH,666,"85,231"
39121,Noble,OH,2129,"14,628"
39123,Ottawa,OH,1149,"41,153"
39125,Paulding,OH,1865,"19,254"
39127,Perry,OH,1276,"35,997"
39129,Pickaway,OH,900,"56,304"
39131,Pike,OH,1478,"28,367"
39133,Portage,OH,386,"163,862"
39135,Preble,OH,1134,"41,732"
39137,Putnam,OH,1325,"34,088"
39139,Richland,OH,503,"121,773"
39141,Ross,OH,706,"77,910"
39143,Sandusky,OH,864,"60,098"
39145,Scioto,OH,703,"78,153"
39147,Seneca,OH,903,"55,914"
39149,Shelby,OH,996,"49,192"
39151,Stark,OH,178,"375,432"
39153,Summit,OH,120,"541,824"
39155,Trumbull,OH,307,"206,442"
39157,Tuscarawas,OH,627,"92,672"
39159,Union,OH,936,"53,306"
39161,Van Wert,OH,1473,"28,459"
39163,Vinton,OH,2226,"13,276"
39165,Warren,OH,289,"219,169"
39167,Washington,OH,848,"61,310"
39169,Wayne,OH,527,"115,071"
39171,Williams,OH,1232,"37,500"
39173,Wood,OH,481,"129,264"
39175,Wyandot,OH,1712,"22,447"
40001,Adair,OK,1720,"22,194"
40003,Alfalfa,OK,2776,"5,847"
40005,Atoka,OK,2181,"13,898"
40007,Beaver,OK,2799,"5,566"
40009,Beckham,OK,1656,"23,637"
40011,Blaine,OK,2459,"9,720"
40013,Bryan,OK,1083,"44,244"
40015,Caddo,OK,1435,"29,594"
40017,Canadian,OK,490,"126,123"
40019,Carter,OK,1006,"48,491"
40021,Cherokee,OK,1014,"48,017"
40023,Choctaw,OK,2102,"15,045"
40025,Cimarron,OK,3021,"2,335"
40027,Cleveland,OK,249,"269,340"
40029,Coal,OK,2772,"5,867"
40031,Comanche,OK,495,"124,937"
40033,Cotton,OK,2748,"6,152"
40035,Craig,OK,2126,"14,672"
40037,Creek,OK,758,"70,470"
40039,Custer,OK,1441,"29,377"
40041,Delaware,OK,1142,"41,377"
40043,Dewey,OK,2849,"4,844"
40045,Ellis,OK,2891,"4,170"
40047,Garfield,OK,838,"62,267"
40049,Garvin,OK,1518,"27,334"
40051,Grady,OK,930,"53,685"
40053,Grant,OK,2866,"4,528"
40055,Greer,OK,2746,"6,171"
40057,Harmon,OK,2986,"2,869"
40059,Harper,OK,2920,"3,813"
40061,Haskell,OK,2235,"13,052"
40063,Hughes,OK,2184,"13,823"
40065,Jackson,OK,1562,"26,088"
40067,Jefferson,OK,2725,"6,432"
40069,Johnston,OK,2360,"10,990"
40071,Kay,OK,1055,"45,633"
40073,Kingfisher,OK,2087,"15,276"
40075,Kiowa,OK,2484,"9,341"
40077,Latimer,OK,2375,"10,775"
40079,Le Flore,OK,986,"49,774"
40081,Lincoln,OK,1319,"34,351"
40083,Logan,OK,1079,"44,422"
40085,Love,OK,2457,"9,742"
40093,Major,OK,2624,"7,683"
40095,Marshall,OK,2047,"15,988"
40097,Mayes,OK,1158,"40,804"
40087,McClain,OK,1264,"36,511"
40089,McCurtain,OK,1351,"33,065"
40091,McIntosh,OK,1811,"20,493"
40099,Murray,OK,2195,"13,712"
40101,Muskogee,OK,761,"70,303"
40103,Noble,OK,2331,"11,446"
40105,Nowata,OK,2391,"10,555"
40107,Okfuskee,OK,2277,"12,377"
40109,Oklahoma,OK,80,"755,245"
40111,Okmulgee,OK,1184,"39,438"
40113,Osage,OK,1017,"47,987"
40115,Ottawa,OK,1381,"32,245"
40117,Pawnee,OK,2009,"16,513"
40119,Payne,OK,696,"79,066"
40121,Pittsburg,OK,1076,"44,703"
40123,Pontotoc,OK,1218,"37,992"
40125,Pottawatomie,OK,753,"71,158"
40127,Pushmataha,OK,2342,"11,233"
40129,Roger Mills,OK,2924,"3,743"
40131,Rogers,OK,643,"89,044"
40133,Seminole,OK,1590,"25,426"
40135,Sequoyah,OK,1144,"41,218"
40137,Stephens,OK,1069,"44,919"
40139,Texas,OK,1728,"22,081"
40141,Tillman,OK,2622,"7,711"
40143,Tulsa,OK,105,"622,409"
40145,Wagoner,OK,727,"75,700"
40147,Washington,OK,961,"51,577"
40149,Washita,OK,2313,"11,678"
40151,Woods,OK,2515,"9,041"
40153,Woodward,OK,1770,"21,221"
41001,Baker,OR,2044,"16,018"
41003,Benton,OR,657,"86,591"
41005,Clackamas,OR,175,"388,263"
41007,Clatsop,OR,1243,"37,244"
41009,Columbia,OR,994,"49,344"
41011,Coos,OR,837,"62,282"
41013,Crook,OR,1792,"20,815"
41015,Curry,OR,1716,"22,339"
41017,Deschutes,OR,380,"165,954"
41019,Douglas,OR,559,"106,940"
41021,Gilliam,OR,3058,"1,947"
41023,Grant,OR,2651,"7,283"
41025,Harney,OR,2668,"7,146"
41027,Hood River,OR,1702,"22,675"
41029,Jackson,OR,304,"208,545"
41031,Jefferson,OR,1773,"21,145"
41033,Josephine,OR,671,"83,306"
41035,Klamath,OR,800,"65,910"
41037,Lake,OR,2612,"7,820"
41039,Lane,OR,187,"356,212"
41041,Lincoln,OR,1041,"46,350"
41043,Linn,OR,515,"118,765"
41045,Malheur,OR,1421,"30,479"
41047,Marion,OR,203,"323,614"
41049,Morrow,OR,2334,"11,336"
41051,Multnomah,OR,76,"766,135"
41053,Polk,OR,712,"76,794"
41055,Sherman,OR,3072,"1,731"
41057,Tillamook,OR,1595,"25,317"
41059,Umatilla,OR,714,"76,720"
41061,Union,OR,1577,"25,652"
41063,Wallowa,OR,2696,"6,814"
41065,Wasco,OR,1587,"25,477"
41067,Washington,OR,113,"554,996"
41069,Wheeler,OR,3089,"1,381"
41071,Yamhill,OR,587,"100,725"
42001,Adams,PA,581,"101,546"
42003,Allegheny,PA,32,"1,231,527"
42005,Armstrong,PA,779,"68,107"
42007,Beaver,PA,369,"170,115"
42009,Bedford,PA,997,"49,055"
42011,Berks,PA,167,"413,521"
42013,Blair,PA,487,"126,314"
42015,Bradford,PA,836,"62,316"
42017,Bucks,PA,103,"626,976"
42019,Butler,PA,342,"185,476"
42021,Cambria,PA,447,"140,499"
42023,Cameron,PA,2845,"4,886"
42025,Carbon,PA,813,"64,786"
42027,Centre,PA,405,"155,403"
42029,Chester,PA,129,"509,468"
42031,Clarion,PA,1196,"39,155"
42033,Clearfield,PA,682,"81,174"
42035,Clinton,PA,1173,"39,954"
42037,Columbia,PA,794,"66,797"
42039,Crawford,PA,651,"87,376"
42041,Cumberland,PA,273,"241,212"
42043,Dauphin,PA,246,"270,937"
42045,Delaware,PA,111,"561,973"
42047,Elk,PA,1401,"31,479"
42049,Erie,PA,239,"280,294"
42051,Fayette,PA,467,"134,999"
42053,Forest,PA,2629,"7,631"
42055,Franklin,PA,418,"152,085"
42057,Fulton,PA,2127,"14,670"
42059,Greene,PA,1225,"37,838"
42061,Huntingdon,PA,1052,"45,694"
42063,Indiana,PA,649,"87,745"
42065,Jefferson,PA,1067,"44,966"
42067,Juniata,PA,1615,"24,768"
42069,Lackawanna,PA,297,"213,931"
42071,Lancaster,PA,123,"529,600"
42073,Lawrence,PA,642,"89,333"
42075,Lebanon,PA,463,"135,486"
42077,Lehigh,PA,188,"355,092"
42079,Luzerne,PA,206,"320,103"
42081,Lycoming,PA,521,"116,754"
42083,McKean,PA,1113,"42,979"
42085,Mercer,PA,526,"115,195"
42087,Mifflin,PA,1034,"46,616"
42089,Monroe,PA,378,"167,148"
42091,Montgomery,PA,72,"812,376"
42093,Montour,PA,1892,"18,541"
42095,Northampton,PA,221,"299,791"
42097,Northumberland,PA,617,"94,076"
42099,Perry,PA,1059,"45,562"
42101,Philadelphia,PA,22,"1,553,165"
42103,Pike,PA,898,"56,591"
42105,Potter,PA,1952,"17,497"
42107,Schuylkill,PA,436,"146,920"
42109,Snyder,PA,1176,"39,865"
42111,Somerset,PA,718,"76,520"
42113,Sullivan,PA,2734,"6,351"
42115,Susquehanna,PA,1125,"42,286"
42117,Tioga,PA,1119,"42,463"
42119,Union,PA,1071,"44,867"
42121,Venango,PA,924,"53,907"
42123,Warren,PA,1156,"40,885"
42125,Washington,PA,305,"208,206"
42127,Wayne,PA,963,"51,548"
42129,Westmoreland,PA,185,"362,437"
42131,Wyoming,PA,1493,"28,003"
42133,York,PA,154,"438,965"
44001,Bristol,RI,995,"49,220"
44003,Kent,RI,382,"165,035"
44005,Newport,RI,675,"82,397"
44007,Providence,RI,102,"628,600"
44009,Washington,RI,488,"126,259"
45001,Abbeville,SC,1607,"25,007"
45003,Aiken,SC,385,"164,176"
45005,Allendale,SC,2454,"9,839"
45007,Anderson,SC,337,"190,641"
45009,Bamberg,SC,2080,"15,430"
45011,Barnwell,SC,1723,"22,119"
45013,Beaufort,SC,365,"171,838"
45015,Berkeley,SC,333,"194,020"
45017,Calhoun,SC,2100,"15,055"
45019,Charleston,SC,180,"372,803"
45021,Cherokee,SC,904,"55,885"
45023,Chester,SC,1372,"32,578"
45025,Chesterfield,SC,1044,"46,197"
45027,Clarendon,SC,1318,"34,355"
45029,Colleton,SC,1226,"37,788"
45031,Darlington,SC,783,"67,935"
45033,Dillon,SC,1406,"31,229"
45035,Dorchester,SC,441,"145,397"
45037,Edgefield,SC,1548,"26,436"
45039,Fairfield,SC,1684,"23,109"
45041,Florence,SC,453,"138,326"
45043,Georgetown,SC,861,"60,440"
45045,Greenville,SC,141,"474,266"
45047,Greenwood,SC,765,"69,723"
45049,Hampton,SC,1817,"20,408"
45051,Horry,SC,230,"289,650"
45053,Jasper,SC,1544,"26,629"
45055,Kershaw,SC,833,"62,516"
45057,Lancaster,SC,689,"80,458"
45059,Laurens,SC,796,"66,229"
45061,Lee,SC,1905,"18,347"
45063,Lexington,SC,244,"273,752"
45067,Marion,SC,1389,"32,072"
45069,Marlboro,SC,1493,"28,003"
45065,McCormick,SC,2448,"9,947"
45071,Newberry,SC,1230,"37,521"
45073,Oconee,SC,732,"75,045"
45075,Orangeburg,SC,634,"90,942"
45077,Pickens,SC,509,"119,829"
45079,Richland,SC,170,"399,256"
45081,Saluda,SC,1835,"20,091"
45083,Spartanburg,SC,227,"290,969"
45085,Sumter,SC,553,"108,123"
45087,Union,SC,1491,"28,030"
45089,Williamsburg,SC,1350,"33,067"
45091,York,SC,274,"239,363"
46003,Aurora,SD,2992,"2,720"
46005,Beadle,SD,1913,"18,080"
46007,Bennett,SD,2944,"3,452"
46009,Bon Homme,SD,2679,"7,046"
46011,Brookings,SD,1356,"32,968"
46013,Brown,SD,1222,"37,907"
46015,Brule,SD,2812,"5,366"
46017,Buffalo,SD,3050,"2,024"
46019,Butte,SD,2410,"10,330"
46021,Campbell,SD,3091,"1,334"
46023,Charles Mix,SD,2500,"9,241"
46025,Clark,SD,2934,"3,610"
46027,Clay,SD,2177,"13,935"
46029,Codington,SD,1503,"27,853"
46031,Corson,SD,2886,"4,215"
46033,Custer,SD,2565,"8,468"
46035,Davison,SD,1844,"19,823"
46037,Day,SD,2795,"5,596"
46039,Deuel,SD,2878,"4,320"
46041,Dewey,SD,2797,"5,586"
46043,Douglas,SD,2977,"3,023"
46045,Edmunds,SD,2903,"4,041"
46047,Fall River,SD,2695,"6,839"
46049,Faulk,SD,3015,"2,386"
46051,Grant,SD,2652,"7,281"
46053,Gregory,SD,2885,"4,242"
46055,Haakon,SD,3064,"1,894"
46057,Hamlin,SD,2761,"5,961"
46059,Hand,SD,2947,"3,391"
46061,Hanson,SD,2946,"3,405"
46063,Harding,SD,3097,"1,262"
46065,Hughes,SD,1950,"17,508"
46067,Hutchinson,SD,2669,"7,145"
46069,Hyde,SD,3088,"1,391"
46071,Jackson,SD,2956,"3,216"
46073,Jerauld,SD,3046,"2,066"
46075,Jones,SD,3107,"1,001"
46077,Kingsbury,SD,2835,"5,065"
46079,Lake,SD,2296,"12,055"
46081,Lawrence,SD,1613,"24,910"
46083,Lincoln,SD,985,"49,858"
46085,Lyman,SD,2915,"3,892"
46091,Marshall,SD,2854,"4,763"
46087,McCook,SD,2792,"5,654"
46089,McPherson,SD,3010,"2,457"
46093,Meade,SD,1524,"27,202"
46095,Mellette,SD,3044,"2,081"
46097,Miner,SD,3022,"2,333"
46099,Minnehaha,SD,354,"179,640"
46101,Moody,SD,2727,"6,404"
46102,Oglala Lakota,SD,2163,"14,118"
46103,Pennington,SD,562,"105,761"
46105,Perkins,SD,2976,"3,037"
46107,Potter,SD,3014,"2,394"
46109,Roberts,SD,2418,"10,251"
46111,Sanborn,SD,3023,"2,324"
46115,Spink,SD,2712,"6,610"
46117,Stanley,SD,2979,"2,981"
46119,Sully,SD,3083,"1,437"
46121,Todd,SD,2446,"9,982"
46123,Tripp,SD,2807,"5,498"
46125,Turner,SD,2577,"8,361"
46127,Union,SD,2118,"14,829"
46129,Walworth,SD,2804,"5,524"
46135,Yankton,SD,1699,"22,696"
46137,Ziebach,SD,2987,"2,834"
47001,Anderson,TN,728,"75,542"
47003,Bedford,TN,1049,"45,901"
47005,Benton,TN,2026,"16,290"
47007,Bledsoe,TN,2247,"12,841"
47009,Blount,TN,493,"125,099"
47011,Bradley,TN,578,"101,848"
47013,Campbell,TN,1168,"40,238"
47015,Cannon,TN,2190,"13,775"
47017,Carroll,TN,1470,"28,513"
47019,Carter,TN,889,"57,338"
47021,Cheatham,TN,1181,"39,492"
47023,Chester,TN,1963,"17,321"
47025,Claiborne,TN,1399,"31,560"
47027,Clay,TN,2615,"7,774"
47029,Cocke,TN,1292,"35,479"
47031,Coffee,TN,935,"53,357"
47033,Crockett,TN,2130,"14,591"
47035,Cumberland,TN,888,"57,466"
47037,Davidson,TN,96,"658,602"
47039,Decatur,TN,2315,"11,661"
47041,DeKalb,TN,1867,"19,164"
47043,Dickson,TN,975,"50,266"
47045,Dyer,TN,1210,"38,213"
47047,Fayette,TN,1203,"38,690"
47049,Fentress,TN,1922,"17,909"
47051,Franklin,TN,1150,"41,129"
47053,Gibson,TN,992,"49,457"
47055,Giles,TN,1461,"28,746"
47057,Grainger,TN,1697,"22,702"
47059,Greene,TN,777,"68,267"
47061,Grundy,TN,2210,"13,498"
47063,Hamblen,TN,830,"63,074"
47065,Hamilton,TN,192,"348,673"
47067,Hancock,TN,2709,"6,679"
47069,Hardeman,TN,1550,"26,306"
47071,Hardin,TN,1563,"26,034"
47073,Hawkins,TN,895,"56,800"
47075,Haywood,TN,1910,"18,224"
47077,Henderson,TN,1490,"28,048"
47079,Henry,TN,1383,"32,210"
47081,Hickman,TN,1633,"24,267"
47083,Houston,TN,2586,"8,292"
47085,Humphreys,TN,1909,"18,243"
47087,Jackson,TN,2325,"11,517"
47089,Jefferson,TN,955,"52,123"
47091,Johnson,TN,1919,"17,977"
47093,Knox,TN,152,"444,622"
47095,Lake,TN,2618,"7,731"
47097,Lauderdale,TN,1508,"27,795"
47099,Lawrence,TN,1129,"41,990"
47101,Lewis,TN,2299,"11,961"
47103,Lincoln,TN,1334,"33,633"
47105,Loudon,TN,974,"50,448"
47111,Macon,TN,1698,"22,701"
47113,Madison,TN,595,"98,733"
47115,Marion,TN,1476,"28,374"
47117,Marshall,TN,1410,"31,130"
47119,Maury,TN,669,"83,761"
47107,McMinn,TN,953,"52,341"
47109,McNairy,TN,1559,"26,140"
47121,Meigs,TN,2317,"11,649"
47123,Monroe,TN,1064,"45,265"
47125,Montgomery,TN,347,"184,119"
47127,Moore,TN,2737,"6,301"
47129,Morgan,TN,1737,"21,915"
47131,Obion,TN,1409,"31,131"
47133,Overton,TN,1729,"22,075"
47135,Perry,TN,2608,"7,869"
47137,Pickett,TN,2831,"5,090"
47139,Polk,TN,1998,"16,690"
47141,Putnam,TN,739,"73,525"
47143,Rhea,TN,1374,"32,513"
47145,Roane,TN,939,"53,047"
47147,Robertson,TN,787,"67,383"
47149,Rutherford,TN,238,"281,029"
47151,Scott,TN,1733,"22,015"
47153,Sequatchie,TN,2125,"14,681"
47155,Sevier,TN,619,"93,570"
47157,Shelby,TN,51,"939,465"
47159,Smith,TN,1870,"19,074"
47161,Stewart,TN,2221,"13,362"
47163,Sullivan,TN,402,"156,595"
47165,Sumner,TN,373,"168,888"
47167,Tipton,TN,847,"61,586"
47169,Trousdale,TN,2611,"7,828"
47171,Unicoi,TN,1912,"18,082"
47173,Union,TN,1868,"19,102"
47175,Van Buren,TN,2798,"5,583"
47177,Warren,TN,1172,"39,965"
47179,Washington,TN,491,"125,546"
47181,Wayne,TN,1983,"16,939"
47183,Weakley,TN,1315,"34,450"
47185,White,TN,1554,"26,244"
47187,Williamson,TN,323,"198,901"
47189,Wilson,TN,502,"121,945"
48001,Anderson,TX,883,"57,938"
48003,Andrews,TX,1992,"16,799"
48005,Angelina,TX,650,"87,441"
48007,Aransas,TX,1630,"24,356"
48009,Archer,TX,2548,"8,681"
48011,Armstrong,TX,3057,"1,949"
48013,Atascosa,TX,1027,"47,093"
48015,Austin,TX,1459,"28,847"
48017,Bailey,TX,2673,"7,114"
48019,Bandera,TX,1800,"20,601"
48021,Bastrop,TX,724,"75,825"
48023,Baylor,TX,2933,"3,614"
48025,Bee,TX,1363,"32,799"
48027,Bell,TX,201,"326,843"
48029,Bexar,TX,18,"1,817,610"
48031,Blanco,TX,2379,"10,723"
48033,Borden,TX,3123,637
48035,Bosque,TX,1923,"17,855"
48037,Bowie,TX,621,"93,487"
48039,Brazoria,TX,199,"330,242"
48041,Brazos,TX,312,"203,164"
48043,Brewster,TX,2493,"9,286"
48045,Briscoe,TX,3080,"1,537"
48047,Brooks,TX,2658,"7,237"
48049,Brown,TX,1228,"37,749"
48051,Burleson,TX,1972,"17,169"
48053,Burnet,TX,1091,"43,823"
48055,Caldwell,TX,1192,"39,232"
48057,Calhoun,TX,1743,"21,806"
48059,Callahan,TX,2207,"13,525"
48061,Cameron,TX,163,"417,276"
48063,Camp,TX,2276,"12,413"
48065,Carson,TX,2756,"6,010"
48067,Cass,TX,1423,"30,331"
48069,Castro,TX,2598,"8,030"
48071,Chambers,TX,1252,"36,812"
48073,Cherokee,TX,971,"50,878"
48075,Childress,TX,2674,"7,095"
48077,Clay,TX,2397,"10,473"
48079,Cochran,TX,2978,"3,016"
48081,Coke,TX,2958,"3,210"
48083,Coleman,TX,2561,"8,543"
48085,Collin,TX,63,"854,778"
48087,Collingsworth,TX,2966,"3,099"
48089,Colorado,TX,1793,"20,752"
48091,Comal,TX,516,"118,480"
48093,Comanche,TX,2198,"13,623"
48095,Concho,TX,2901,"4,043"
48097,Cooke,TX,1208,"38,467"
48099,Coryell,TX,722,"76,192"
48101,Cottle,TX,3082,"1,452"
48103,Crane,TX,2852,"4,773"
48105,Crockett,TX,2921,"3,807"
48107,Crosby,TX,2759,"5,991"
48109,Culberson,TX,3030,"2,277"
48111,Dallam,TX,2677,"7,057"
48113,Dallas,TX,9,"2,480,331"
48115,Dawson,TX,2185,"13,810"
48117,Deaf Smith,TX,1866,"19,177"
48119,Delta,TX,2822,"5,238"
48121,Denton,TX,84,"728,799"
48123,DeWitt,TX,1808,"20,503"
48125,Dickens,TX,3028,"2,291"
48127,Dimmit,TX,2368,"10,897"
48129,Donley,TX,2939,"3,522"
48131,Duval,TX,2318,"11,640"
48133,Eastland,TX,1908,"18,245"
48135,Ector,TX,426,"149,378"
48137,Edwards,TX,3066,"1,884"
48141,El Paso,TX,68,"827,718"
48139,Ellis,TX,404,"155,976"
48143,Erath,TX,1177,"39,658"
48145,Falls,TX,1953,"17,493"
48147,Fannin,TX,1333,"33,659"
48149,Fayette,TX,1614,"24,821"
48151,Fisher,TX,2917,"3,856"
48153,Floyd,TX,2740,"6,230"
48155,Foard,TX,3096,"1,277"
48157,Fort Bend,TX,98,"652,365"
48159,Franklin,TX,2385,"10,660"
48161,Freestone,TX,1849,"19,646"
48163,Frio,TX,1914,"18,065"
48165,Gaines,TX,1877,"18,921"
48167,Galveston,TX,215,"306,782"
48169,Garza,TX,2736,"6,317"
48171,Gillespie,TX,1592,"25,357"
48173,Glasscock,TX,3098,"1,251"
48175,Goliad,TX,2644,"7,465"
48177,Gonzales,TX,1824,"20,312"
48179,Gray,TX,1686,"23,043"
48181,Grayson,TX,501,"122,353"
48183,Gregg,TX,500,"123,024"
48185,Grimes,TX,1539,"26,859"
48187,Guadalupe,TX,443,"143,183"
48189,Hale,TX,1280,"35,764"
48191,Hall,TX,2954,"3,239"
48193,Hamilton,TX,2583,"8,310"
48195,Hansford,TX,2801,"5,555"
48197,Hardeman,TX,2906,"4,016"
48199,Hardin,TX,909,"55,417"
48201,Harris,TX,3,"4,336,853"
48203,Harrison,TX,792,"66,886"
48205,Hartley,TX,2751,"6,100"
48207,Haskell,TX,2769,"5,875"
48209,Hays,TX,359,"176,026"
48211,Hemphill,TX,2894,"4,158"
48213,Henderson,TX,700,"78,675"
48215,Hidalgo,TX,71,"815,996"
48217,Hill,TX,1304,"34,823"
48219,Hockley,TX,1661,"23,530"
48221,Hood,TX,943,"52,905"
48223,Hopkins,TX,1290,"35,565"
48225,Houston,TX,1691,"22,911"
48227,Howard,TX,1271,"36,147"
48229,Hudspeth,TX,2953,"3,318"
48231,Hunt,TX,654,"87,048"
48233,Hutchinson,TX,1741,"21,819"
48235,Irion,TX,3077,"1,612"
48237,Jack,TX,2524,"8,957"
48239,Jackson,TX,2130,"14,591"
48241,Jasper,TX,1286,"35,649"
48243,Jeff Davis,TX,3032,"2,253"
48245,Jefferson,TX,263,"252,358"
48247,Jim Hogg,TX,2819,"5,245"
48249,Jim Wells,TX,1136,"41,680"
48251,Johnson,TX,410,"154,707"
48253,Jones,TX,1843,"19,859"
48255,Karnes,TX,2095,"15,081"
48257,Kaufman,TX,548,"108,568"
48259,Kendall,TX,1227,"37,766"
48261,Kenedy,TX,3140,412
48263,Kent,TX,3118,807
48265,Kerr,TX,979,"49,953"
48267,Kimble,TX,2869,"4,481"
48269,King,TX,3140,285
48271,Kinney,TX,2937,"3,586"
48273,Kleberg,TX,1387,"32,101"
48275,Knox,TX,2923,"3,767"
48283,La Salle,TX,2647,"7,369"
48277,Lamar,TX,993,"49,426"
48279,Lamb,TX,2190,"13,775"
48281,Lampasas,TX,1831,"20,222"
48285,Lavaca,TX,1853,"19,581"
48287,Lee,TX,2001,"16,628"
48289,Leon,TX,1996,"16,742"
48291,Liberty,TX,710,"76,907"
48293,Limestone,TX,1674,"23,326"
48295,Lipscomb,TX,2943,"3,485"
48297,Live Oak,TX,2308,"11,867"
48299,Llano,TX,1861,"19,444"
48301,Loving,TX,3141,95
48303,Lubbock,TX,231,"289,324"
48305,Lynn,TX,2785,"5,723"
48313,Madison,TX,2189,"13,781"
48315,Marion,TX,2420,"10,235"
48317,Martin,TX,2815,"5,312"
48319,Mason,TX,2896,"4,128"
48321,Matagorda,TX,1258,"36,592"
48323,Maverick,TX,902,"55,932"
48307,McCulloch,TX,2581,"8,330"
48309,McLennan,TX,271,"241,481"
48311,McMullen,TX,3120,764
48325,Medina,TX,1023,"47,399"
48327,Menard,TX,3039,"2,148"
48329,Midland,TX,419,"151,468"
48331,Milam,TX,1637,"24,167"
48333,Mills,TX,2844,"4,907"
48335,Mitchell,TX,2478,"9,402"
48337,Montague,TX,1859,"19,503"
48339,Montgomery,TX,136,"499,137"
48341,Moore,TX,1722,"22,141"
48343,Morris,TX,2249,"12,834"
48345,Motley,TX,3100,"1,196"
48347,Nacogdoches,TX,809,"65,330"
48349,Navarro,TX,1013,"48,038"
48351,Newton,TX,2161,"14,140"
48353,Nolan,TX,2103,"15,037"
48355,Nueces,TX,190,"352,107"
48357,Ochiltree,TX,2372,"10,806"
48359,Oldham,TX,3042,"2,102"
48361,Orange,TX,673,"82,957"
48363,Palo Pinto,TX,1499,"27,889"
48365,Panola,TX,1647,"23,870"
48367,Parker,TX,505,"121,418"
48369,Parmer,TX,2447,"9,965"
48371,Pecos,TX,2065,"15,697"
48373,Polk,TX,1051,"45,790"
48375,Potter,TX,504,"121,661"
48377,Presidio,TX,2659,"7,201"
48379,Rains,TX,2355,"11,065"
48381,Randall,TX,486,"126,474"
48383,Reagan,TX,2936,"3,601"
48385,Real,TX,2951,"3,350"
48387,Red River,TX,2274,"12,470"
48389,Reeves,TX,2176,"13,965"
48391,Refugio,TX,2650,"7,305"
48393,Roberts,TX,3116,831
48395,Robertson,TX,2013,"16,486"
48397,Rockwall,TX,665,"85,245"
48399,Runnels,TX,2412,"10,309"
48401,Rusk,TX,931,"53,622"
48403,Sabine,TX,2404,"10,361"
48405,San Augustine,TX,2538,"8,769"
48407,San Jacinto,TX,1540,"26,856"
48409,San Patricio,TX,798,"66,137"
48411,San Saba,TX,2755,"6,012"
48413,Schleicher,TX,2959,"3,206"
48415,Scurry,TX,1965,"17,302"
48417,Shackelford,TX,2948,"3,375"
48419,Shelby,TX,1570,"25,792"
48421,Sherman,TX,2968,"3,093"
48423,Smith,TX,292,"216,080"
48425,Somervell,TX,2552,"8,658"
48427,Starr,TX,843,"61,963"
48429,Stephens,TX,2498,"9,247"
48431,Sterling,TX,3099,"1,219"
48433,Stonewall,TX,3086,"1,432"
48435,Sutton,TX,2907,"4,006"
48437,Swisher,TX,2616,"7,763"
48439,Tarrant,TX,15,"1,911,541"
48441,Taylor,TX,470,"134,117"
48443,Terrell,TX,3111,903
48445,Terry,TX,2254,"12,743"
48447,Throckmorton,TX,3078,"1,600"
48449,Titus,TX,1371,"32,581"
48451,Tom Green,TX,528,"114,954"
48453,Travis,TX,37,"1,120,954"
48455,Trinity,TX,2145,"14,393"
48457,Tyler,TX,1753,"21,464"
48459,Upshur,TX,1175,"39,884"
48461,Upton,TX,2949,"3,372"
48463,Uvalde,TX,1536,"26,926"
48465,Val Verde,TX,1003,"48,623"
48467,Van Zandt,TX,947,"52,481"
48469,Victoria,TX,637,"90,028"
48471,Walker,TX,775,"68,817"
48473,Waller,TX,1066,"45,213"
48475,Ward,TX,2341,"11,244"
48477,Washington,TX,1324,"34,147"
48479,Webb,TX,255,"262,495"
48481,Wharton,TX,1145,"41,216"
48483,Wheeler,TX,2783,"5,751"
48485,Wichita,TX,477,"132,047"
48487,Wilbarger,TX,2230,"13,131"
48489,Willacy,TX,1736,"21,921"
48491,Williamson,TX,143,"471,014"
48493,Wilson,TX,1061,"45,418"
48495,Winkler,TX,2634,"7,606"
48497,Wise,TX,852,"60,939"
48499,Wood,TX,1123,"42,306"
48501,Yoakum,TX,2591,"8,184"
48503,Young,TX,1906,"18,341"
48505,Zapata,TX,2146,"14,390"
48507,Zavala,TX,2289,"12,156"
49001,Beaver,UT,2721,"6,459"
49003,Box Elder,UT,972,"50,794"
49005,Cache,UT,520,"116,909"
49007,Carbon,UT,1778,"20,988"
49009,Daggett,UT,3104,"1,127"
49011,Davis,UT,204,"322,094"
49013,Duchesne,UT,1826,"20,308"
49015,Emery,UT,2378,"10,749"
49017,Garfield,UT,2833,"5,083"
49019,Grand,UT,2481,"9,360"
49021,Iron,UT,1029,"46,780"
49023,Juab,UT,2406,"10,348"
49025,Kane,UT,2654,"7,260"
49027,Millard,UT,2261,"12,662"
49029,Morgan,UT,2424,"10,173"
49031,Piute,UT,3081,"1,510"
49033,Rich,UT,3029,"2,288"
49035,Salt Lake,UT,39,"1,079,721"
49037,San Juan,UT,2109,"14,973"
49039,Sanpete,UT,1484,"28,237"
49041,Sevier,UT,1789,"20,852"
49043,Summit,UT,1207,"38,486"
49045,Tooele,UT,854,"60,762"
49047,Uintah,UT,1291,"35,555"
49049,Utah,UT,115,"551,891"
49051,Wasatch,UT,1547,"26,437"
49053,Washington,UT,430,"147,800"
49055,Wayne,UT,2991,"2,747"
49057,Weber,UT,275,"238,519"
51001,Accomack,VA,1348,"33,148"
51003,Albemarle,VA,570,"103,000"
51510,"Alexandria, City of",VA,428,"148,892"
51005,Alleghany,VA,2034,"16,161"
51007,Amelia,VA,2253,"12,745"
51009,Amherst,VA,1385,"32,178"
51011,Appomattox,VA,2088,"15,255"
51013,Arlington,VA,285,"224,906"
51015,Augusta,VA,737,"73,912"
51017,Bath,VA,2861,"4,616"
51019,Bedford,VA,725,"75,773[22]"
51021,Bland,VA,2706,"6,735"
51023,Botetourt,VA,1354,"33,002"
51520,"Bristol, City of",VA,1962,"17,341"
51025,Brunswick,VA,1980,"16,973"
51027,Buchanan,VA,1658,"23,597"
51029,Buckingham,VA,1973,"17,136"
51530,"Buena Vista, City of",VA,2708,"6,680"
51031,Campbell,VA,912,"55,235"
51033,Caroline,VA,1444,"29,298"
51035,Carroll,VA,1430,"29,883"
51036,Charles City,VA,2671,"7,130"
51037,Charlotte,VA,2282,"12,305"
51540,"Charlottesville, City of",VA,1081,"44,349"
51550,"Chesapeake, City of",VA,280,"230,571"
51041,Chesterfield,VA,200,"327,745"
51043,Clarke,VA,2148,"14,348"
51570,"Colonial Heights, City of",VA,1940,"17,634"
51580,"Covington, City of",VA,2778,"5,818"
51045,Craig,VA,2824,"5,210"
51047,Culpeper,VA,1005,"48,506"
51049,Cumberland,VA,2453,"9,841"
51590,"Danville, City of",VA,1114,"42,907"
51051,Dickenson,VA,2076,"15,486"
51053,Dinwiddie,VA,1497,"27,904"
51595,"Emporia, City of",VA,2796,"5,588"
51057,Essex,VA,2343,"11,229"
51059,Fairfax,VA,36,"1,130,924"
51600,"Fairfax, City of",VA,1645,"23,973"
51610,"Falls Church, City of",VA,2209,"13,508"
51061,Fauquier,VA,788,"67,207"
51063,Floyd,VA,2071,"15,528"
51065,Fluvanna,VA,1565,"25,977"
51067,Franklin,VA,899,"56,335"
51620,"Franklin, City of",VA,2554,"8,638"
51069,Frederick,VA,681,"81,319"
51630,"Fredericksburg, City of",VA,1486,"28,132"
51640,"Galax, City of",VA,2681,"7,035"
51071,Giles,VA,1986,"16,925"
51073,Gloucester,VA,1251,"36,834"
51075,Goochland,VA,1747,"21,626"
51077,Grayson,VA,2092,"15,161"
51079,Greene,VA,1880,"18,804"
51081,Greensville,VA,2306,"11,886"
51083,Halifax,VA,1295,"35,401"
51650,"Hampton, City of",VA,457,"136,699"
51085,Hanover,VA,584,"101,330"
51660,"Harrisonburg, City of",VA,965,"51,395"
51087,Henrico,VA,207,"318,611"
51089,Henry,VA,944,"52,617"
51091,Highland,VA,3034,"2,215"
51670,"Hopewell, City of",VA,1721,"22,163"
51093,Isle of Wight,VA,1285,"35,656"
51095,James City,VA,757,"70,516"
51097,King and Queen,VA,2671,"7,130"
51099,King George,VA,1612,"24,926"
51101,King William,VA,2041,"16,097"
51103,Lancaster,VA,2349,"11,148"
51105,Lee,VA,1600,"25,185"
51678,"Lexington, City of",VA,2663,"7,170"
51107,Loudoun,VA,191,"349,679"
51109,Louisa,VA,1330,"33,945"
51111,Lunenburg,VA,2266,"12,527"
51680,"Lynchburg, City of",VA,704,"78,014"
51113,Madison,VA,2229,"13,200"
51685,"Manassas Park, City of",VA,2036,"16,149"
51683,"Manassas, City of",VA,1135,"41,705"
51690,"Martinsville, City of",VA,2192,"13,755"
51115,Mathews,VA,2528,"8,897"
51117,Mecklenburg,VA,1402,"31,426"
51119,Middlesex,VA,2377,"10,762"
51121,Montgomery,VA,605,"96,207"
51125,Nelson,VA,2120,"14,789"
51127,New Kent,VA,1857,"19,507"
51700,"Newport News, City of",VA,348,"182,020"
51710,"Norfolk, City of",VA,268,"246,139"
51131,Northampton,VA,2292,"12,125"
51133,Northumberland,VA,2287,"12,200"
51720,"Norton, City of",VA,2905,"4,017"
51135,Nottoway,VA,2055,"15,773"
51137,Orange,VA,1308,"34,689"
51139,Page,VA,1649,"23,821"
51141,Patrick,VA,1902,"18,368"
51730,"Petersburg, City of",VA,1373,"32,538"
51143,Pittsylvania,VA,834,"62,426"
51735,"Poquoson, City of",VA,2293,"12,104"
51740,"Portsmouth, City of",VA,606,"96,205"
51145,Powhatan,VA,1482,"28,259"
51147,Prince Edward,VA,1694,"22,802"
51149,Prince George,VA,1242,"37,253"
51153,Prince William,VA,155,"438,580"
51155,Pulaski,VA,1314,"34,507"
51750,"Radford, City of",VA,1971,"17,184"
51157,Rappahannock,VA,2641,"7,478"
51159,Richmond,VA,2525,"8,953"
51760,"Richmond, City of",VA,296,"214,114"
51161,Roanoke,VA,620,"93,524"
51770,"Roanoke, City of",VA,597,"98,465"
51163,Rockbridge,VA,1717,"22,307"
51165,Rockingham,VA,707,"77,741"
51167,Russell,VA,1481,"28,264"
51775,"Salem, City of",VA,1596,"25,299"
51169,Scott,VA,1704,"22,640"
51171,Shenandoah,VA,1117,"42,684"
51173,Smyth,VA,1394,"31,652"
51175,Southampton,VA,1911,"18,128"
51177,Spotsylvania,VA,483,"127,348"
51179,Stafford,VA,456,"136,788"
51790,"Staunton, City of",VA,1631,"24,350"
51800,"Suffolk, City of",VA,662,"85,728"
51181,Surry,VA,2703,"6,765"
51183,Sussex,VA,2309,"11,810"
51185,Tazewell,VA,1086,"44,103"
51810,"Virginia Beach, City of",VA,150,"448,479"
51187,Warren,VA,1201,"38,699"
51191,Washington,VA,915,"54,907"
51820,"Waynesboro, City of",VA,1764,"21,263"
51193,Westmoreland,VA,1942,"17,612"
51830,"Williamsburg, City of",VA,2089,"15,206"
51840,"Winchester, City of",VA,1523,"27,216"
51195,Wise,VA,1164,"40,589"
51197,Wythe,VA,1442,"29,344"
51199,York,VA,795,"66,269"
50001,Addison,VT,1253,"36,791"
50003,Bennington,VT,1256,"36,659"
50005,Caledonia,VT,1408,"31,157"
50007,Chittenden,VT,400,"159,515"
50009,Essex,VT,2741,"6,211"
50011,Franklin,VT,1009,"48,294"
50013,Grand Isle,VT,2685,"6,987"
50015,Lamoille,VT,1606,"25,067"
50017,Orange,VT,1457,"28,915"
50019,Orleans,VT,1526,"27,169"
50021,Rutland,VT,858,"60,622"
50023,Washington,VT,874,"59,319"
50025,Windham,VT,1090,"43,857"
50027,Windsor,VT,901,"56,067"
53001,Adams,WA,1872,"19,067"
53003,Asotin,WA,1725,"22,110"
53005,Benton,WA,345,"184,486"
53007,Chelan,WA,735,"73,967"
53009,Clallam,WA,747,"72,312"
53011,Clark,WA,153,"443,817"
53013,Columbia,WA,2904,"4,032"
53015,Cowlitz,WA,577,"101,860"
53017,Douglas,WA,1182,"39,471"
53019,Ferry,WA,2627,"7,646"
53021,Franklin,WA,656,"86,638"
53023,Garfield,WA,3031,"2,256"
53025,Grant,WA,630,"91,878"
53027,Grays Harbor,WA,754,"71,078"
53029,Island,WA,699,"78,801"
53031,Jefferson,WA,1427,"30,076"
53033,King,WA,13,"2,044,449"
53035,Kitsap,WA,261,"253,968"
53037,Kittitas,WA,1133,"41,765"
53039,Klickitat,WA,1787,"20,866"
53041,Lewis,WA,731,"75,081"
53043,Lincoln,WA,2413,"10,301"
53045,Mason,WA,859,"60,497"
53047,Okanogan,WA,1147,"41,193"
53049,Pacific,WA,1810,"20,498"
53051,Pend Oreille,WA,2243,"12,896"
53053,Pierce,WA,70,"819,743"
53055,San Juan,WA,2052,"15,875"
53057,Skagit,WA,514,"118,837"
53059,Skamania,WA,2339,"11,274"
53061,Snohomish,WA,83,"745,913"
53063,Spokane,WA,139,"479,398"
53065,Stevens,WA,1102,"43,430"
53067,Thurston,WA,256,"262,388"
53069,Wahkiakum,WA,2902,"4,042"
53071,Walla Walla,WA,871,"59,530"
53073,Whatcom,WA,308,"206,353"
53075,Whitman,WA,1036,"46,570"
53077,Yakima,WA,266,"247,044"
55001,Adams,WI,1812,"20,480"
55003,Ashland,WI,2045,"16,016"
55005,Barron,WI,1053,"45,676"
55007,Bayfield,WI,2093,"15,156"
55009,Brown,WI,260,"254,586"
55011,Buffalo,WI,2223,"13,357"
55013,Burnett,WI,2083,"15,333"
55015,Calumet,WI,990,"49,617"
55017,Chippewa,WI,827,"63,132"
55019,Clark,WI,1309,"34,615"
55021,Columbia,WI,896,"56,653"
55023,Crawford,WI,2021,"16,397"
55025,Dane,WI,128,"509,939"
55027,Dodge,WI,648,"88,344"
55029,Door,WI,1498,"27,896"
55031,Douglas,WI,1088,"43,887"
55033,Dunn,WI,1085,"44,122"
55035,Eau Claire,WI,583,"101,438"
55037,Florence,WI,2867,"4,520"
55039,Fond du Lac,WI,580,"101,798"
55041,Forest,WI,2507,"9,126"
55043,Grant,WI,969,"51,069"
55045,Green,WI,1245,"37,090"
55047,Green Lake,WI,1874,"18,959"
55049,Iowa,WI,1652,"23,749"
55051,Iron,WI,2768,"5,886"
55053,Jackson,WI,1797,"20,644"
55055,Jefferson,WI,667,"84,509"
55057,Juneau,WI,1546,"26,547"
55059,Kenosha,WI,376,"167,757"
55061,Kewaunee,WI,1807,"20,505"
55063,La Crosse,WI,523,"116,713"
55065,Lafayette,WI,1994,"16,766"
55067,Langlade,WI,1854,"19,575"
55069,Lincoln,WI,1462,"28,684"
55071,Manitowoc,WI,688,"80,654"
55073,Marathon,WI,464,"135,416"
55075,Marinette,WI,1138,"41,610"
55077,Marquette,WI,2090,"15,176"
55078,Menominee,WI,2879,"4,317"
55079,Milwaukee,WI,48,"956,023"
55081,Monroe,WI,1062,"45,298"
55083,Oconto,WI,1240,"37,318"
55085,Oneida,WI,1282,"35,689"
55087,Outagamie,WI,352,"180,345"
55089,Ozaukee,WI,653,"87,054"
55091,Pepin,WI,2648,"7,360"
55093,Pierce,WI,1153,"40,976"
55095,Polk,WI,1100,"43,476"
55097,Portage,WI,760,"70,380"
55099,Price,WI,2188,"13,802"
55101,Racine,WI,332,"195,041"
55103,Richland,WI,1935,"17,717"
55105,Rock,WI,393,"160,739"
55107,Rusk,WI,2144,"14,395"
55111,Sauk,WI,826,"63,162"
55113,Sawyer,WI,2009,"16,513"
55115,Shawano,WI,1137,"41,643"
55117,Sheboygan,WI,529,"114,922"
55109,St. Croix,WI,660,"85,930"
55119,Taylor,WI,1799,"20,610"
55121,Trempealeau,WI,1437,"29,582"
55123,Vernon,WI,1424,"30,329"
55125,Vilas,WI,1756,"21,368"
55127,Walworth,WI,571,"102,945"
55129,Washburn,WI,2066,"15,686"
55131,Washington,WI,474,"132,739"
55133,Waukesha,WI,171,"393,843"
55135,Waupaca,WI,954,"52,285"
55137,Waushara,WI,1632,"24,329"
55139,Winnebago,WI,370,"169,541"
55141,Wood,WI,736,"73,959"
54001,Barbour,WV,1993,"16,770"
54003,Berkeley,WV,547,"108,706"
54005,Boone,WV,1635,"24,224"
54007,Braxton,WV,2138,"14,502"
54009,Brooke,WV,1653,"23,737"
54011,Cabell,WV,603,"97,133"
54013,Calhoun,WV,2637,"7,564"
54015,Clay,WV,2499,"9,244"
54017,Doddridge,WV,2579,"8,344"
54019,Fayette,WV,1056,"45,599"
54021,Gilmer,WV,2549,"8,672"
54023,Grant,WV,2311,"11,759"
54025,Greenbrier,WV,1287,"35,644"
54027,Hampshire,WV,1666,"23,445"
54029,Hancock,WV,1425,"30,291"
54031,Hardy,WV,2178,"13,920"
54033,Harrison,WV,772,"68,972"
54035,Jackson,WV,1447,"29,178"
54037,Jefferson,WV,913,"55,073"
54039,Kanawha,WV,335,"191,275"
54041,Lewis,WV,2015,"16,452"
54043,Lincoln,WV,1752,"21,559"
54045,Logan,WV,1277,"35,987"
54049,Marion,WV,894,"56,868"
54051,Marshall,WV,1377,"32,459"
54053,Mason,WV,1529,"27,126"
54047,McDowell,WV,1786,"20,876"
54055,Mercer,WV,842,"61,984"
54057,Mineral,WV,1511,"27,704"
54059,Mingo,WV,1567,"25,900"
54061,Monongalia,WV,574,"102,274"
54063,Monroe,WV,2212,"13,483"
54065,Morgan,WV,1951,"17,498"
54067,Nicholas,WV,1566,"25,965"
54069,Ohio,WV,1095,"43,727"
54071,Pendleton,WV,2643,"7,471"
54073,Pleasants,WV,2636,"7,577"
54075,Pocahontas,WV,2550,"8,669"
54077,Preston,WV,1331,"33,859"
54079,Putnam,WV,897,"56,650"
54081,Raleigh,WV,698,"78,833"
54083,Randolph,WV,1440,"29,415"
54085,Ritchie,WV,2432,"10,073"
54087,Roane,WV,2128,"14,656"
54089,Summers,WV,2205,"13,563"
54091,Taylor,WV,1980,"16,973"
54093,Tucker,WV,2688,"6,968"
54095,Tyler,WV,2522,"8,995"
54097,Upshur,WV,1617,"24,665"
54099,Wayne,WV,1141,"41,437"
54101,Webster,WV,2530,"8,893"
54103,Wetzel,WV,2030,"16,204"
54105,Wirt,WV,2767,"5,901"
54107,Wood,WV,658,"86,569"
54109,Wyoming,WV,1688,"23,019"
56001,Albany,WY,1237,"37,422"
56003,Big Horn,WY,2297,"11,994"
56005,Campbell,WY,1011,"48,176"
56007,Carbon,WY,2057,"15,748"
56009,Converse,WY,2149,"14,313"
56011,Crook,WY,2661,"7,184"
56013,Fremont,WY,1151,"40,998"
56015,Goshen,WY,2199,"13,612"
56017,Hot Springs,WY,2848,"4,847"
56019,Johnson,WY,2555,"8,628"
56021,Laramie,WY,609,"95,809"
56023,Lincoln,WY,1904,"18,364"
56025,Natrona,WY,684,"80,973"
56027,Niobrara,WY,3007,"2,541"
56029,Park,WY,1445,"29,227"
56031,Platte,WY,2540,"8,765"
56033,Sheridan,WY,1431,"29,824"
56035,Sublette,WY,2435,"10,041"
56037,Sweetwater,WY,1065,"45,237"
56039,Teton,WY,1718,"22,268"
56041,Uinta,WY,1775,"21,066"
56043,Washakie,WY,2567,"8,463"
56045,Weston,WY,2664,"7,158"
